size,scale,cond_input,cond_A_actual,cond_B_actual,fro_norm_A,fro_norm_B,max_A,max_B,eig_error,eig_error_relative,log_cond_A
100,0.01,100.0,99.99999999999949,100.00000000000024,3.3549239136984723,3.3549239136984723,0.3163181541306657,0.32576698010076344,0.0012951266222208206,1.4381108028530313e-05,1.9999999999999978
100,0.01,100.0,99.99999999999984,100.0,3.354923913698472,3.354923913698473,0.3297299349229006,0.3374681500300137,0.002307878617198294,2.5153155417433664e-05,1.9999999999999993
100,0.01,100.0,99.99999999999964,99.99999999999999,3.3549239136984723,3.3549239136984723,0.32077946406671254,0.3051064427974957,0.004122477561754614,4.422882177655e-05,1.9999999999999984
100,0.01,100.0,100.0000000000002,100.00000000000006,3.354923913698473,3.3549239136984728,0.29975706144392106,0.29259269993314585,0.0022569195484076518,2.4160446222793242e-05,2.000000000000001
100,0.01,100.0,99.99999999999993,99.99999999999959,3.354923913698473,3.354923913698474,0.31361064402349387,0.33583495978392597,0.0033702348550500873,3.6780285152024216e-05,1.9999999999999998
100,0.01,100.0,100.0,100.00000000000001,3.3549239136984723,3.354923913698473,0.31253031013181537,0.3429931272262332,0.0016868407492122252,1.79554272144251e-05,2.0
100,0.01,100.0,100.00000000000014,100.00000000000021,3.354923913698473,3.3549239136984736,0.3146377463042696,0.2968961339020221,0.0022293880162201356,2.3549636244062966e-05,2.0000000000000004
100,0.01,100.0,99.99999999999929,100.00000000000003,3.354923913698472,3.354923913698472,0.3300142212543464,0.31466026594986046,0.002187930137799802,2.46967176431282e-05,1.999999999999997
100,0.01,100.0,100.00000000000004,100.00000000000031,3.354923913698473,3.354923913698473,0.3472816051813773,0.3304132972942432,0.0019565173689185035,2.152801829916854e-05,2.0
100,0.01,100.0,100.00000000000014,99.99999999999974,3.3549239136984723,3.3549239136984723,0.36679583577035935,0.31136973774687127,0.0028809303976754814,3.0165859126337512e-05,2.0000000000000004
100,1.0,100.0,99.9999999999998,100.00000000000023,335.4923913698472,335.49239136984727,31.631815413066573,32.57669801007634,1.9645454593693305e-05,2.1814346175436736e-07,1.9999999999999991
100,1.0,100.0,100.00000000000031,100.00000000000004,335.4923913698472,335.4923913698473,32.97299349229006,33.746815003001366,2.6054506411834272e-05,2.8396339574261135e-07,2.0000000000000013
100,1.0,100.0,100.00000000000023,99.99999999999974,335.49239136984727,335.4923913698473,32.07794640667125,30.51064427974957,2.3631112792516336e-05,2.535311012431336e-07,2.000000000000001
100,1.0,100.0,100.00000000000023,100.00000000000018,335.49239136984727,335.4923913698472,29.975706144392106,29.259269993314586,2.0417918103035824e-05,2.1857492113878888e-07,2.000000000000001
100,1.0,100.0,99.99999999999997,100.0,335.49239136984727,335.4923913698473,31.36106440234939,33.5834959783926,3.1062344234269326e-05,3.389917698806133e-07,1.9999999999999998
100,1.0,100.0,99.99999999999989,99.99999999999984,335.4923913698472,335.49239136984727,31.253031013181534,34.29931272262332,2.0448036757102084e-05,2.1765731936550657e-07,1.9999999999999996
100,1.0,100.0,99.99999999999987,99.99999999999973,335.4923913698473,335.4923913698473,31.46377463042696,29.689613390202208,2.6730815499258572e-05,2.823649256812644e-07,1.9999999999999993
100,1.0,100.0,99.9999999999994,100.00000000000021,335.4923913698472,335.4923913698472,33.00142212543464,31.466026594986047,1.8155022389779268e-05,2.04928600789755e-07,1.9999999999999973
100,1.0,100.0,99.99999999999982,100.00000000000027,335.49239136984727,335.49239136984727,34.72816051813773,33.04132972942432,2.0835325501042088e-05,2.292559605047138e-07,1.9999999999999991
100,1.0,100.0,99.99999999999996,99.99999999999987,335.49239136984727,335.49239136984727,36.679583577035935,31.136973774687128,2.542421532564756e-05,2.662137546016294e-07,1.9999999999999998
100,100.0,100.0,99.99999999999977,100.00000000000024,33549.23913698472,33549.239136984725,3163.1815413066574,3257.6698010076343,2.512368458460825e-07,2.7897382069594264e-09,1.9999999999999991
100,100.0,100.0,99.9999999999999,100.0000000000003,33549.23913698472,33549.239136984725,3297.2993492290057,3374.6815003001366,2.2723879144511396e-07,2.4766348609042326e-09,1.9999999999999996
100,100.0,100.0,99.99999999999989,99.99999999999972,33549.239136984725,33549.239136984725,3207.7946406671253,3051.064427974957,2.16480720120373e-07,2.3225565318026825e-09,1.9999999999999996
100,100.0,100.0,100.00000000000001,99.9999999999998,33549.23913698473,33549.239136984725,2997.5706144392107,2925.926999331459,3.053441475341095e-07,3.2687256668707783e-09,2.0
100,100.0,100.0,100.00000000000013,100.00000000000038,33549.23913698473,33549.23913698474,3136.106440234939,3358.34959783926,3.4333351276444514e-07,3.746891550539959e-09,2.0000000000000004
100,100.0,100.0,99.99999999999999,99.99999999999983,33549.239136984725,33549.23913698474,3125.3031013181535,3429.931272262332,3.959911117567223e-07,4.215092377883124e-09,2.0
100,100.0,100.0,99.99999999999996,99.99999999999987,33549.23913698473,33549.23913698473,3146.377463042696,2968.9613390202207,2.156491935401626e-07,2.277961497616171e-09,1.9999999999999998
100,100.0,100.0,99.9999999999994,100.00000000000031,33549.23913698472,33549.239136984725,3300.1422125434638,3146.6026594986047,2.437169946498638e-07,2.7510063953651793e-09,1.9999999999999973
100,100.0,100.0,99.99999999999984,100.00000000000028,33549.239136984725,33549.239136984725,3472.816051813773,3304.132972942432,1.96561177086984e-07,2.16280861312965e-09,1.9999999999999993
100,100.0,100.0,100.00000000000024,100.00000000000006,33549.239136984725,33549.239136984725,3667.9583577035933,3113.6973774687126,3.914184942698524e-07,4.098493725191881e-09,2.000000000000001
100,0.01,10000.0,9999.999999999174,10000.000000001726,242.69097322548592,242.69097322548595,19.95994288486664,20.28271757178464,0.13056808965305994,3.672654377866937e-05,3.999999999999964
100,0.01,10000.0,10000.000000000635,9999.999999999667,242.69097322548592,242.69097322548603,21.9229875313695,22.479575307330865,0.16855020487394773,4.5654675013992835e-05,4.0000000000000275
100,0.01,10000.0,10000.000000000211,10000.000000000142,242.690973225486,242.69097322548592,21.234571026103136,19.267631365250317,0.14790990209003482,3.860485881228291e-05,4.000000000000009
100,0.01,10000.0,9999.999999999389,10000.000000001126,242.69097322548598,242.69097322548592,18.58725623933869,18.263093661850824,0.0879930279707891,2.335568582624087e-05,3.9999999999999734
100,0.01,10000.0,10000.000000000817,10000.00000000075,242.69097322548595,242.690973225486,21.33866663150812,23.6346329941152,0.14501837443930038,4.010076652506025e-05,4.0000000000000355
100,0.01,10000.0,9999.999999998265,9999.999999999654,242.69097322548595,242.690973225486,19.43210727068719,24.564936845985034,0.09437084094517727,2.6440420270003783e-05,3.9999999999999245
100,0.01,10000.0,9999.999999999598,9999.999999999887,242.690973225486,242.69097322548598,19.059420760426946,19.547556379250345,0.09012007137541522,2.244674171341174e-05,3.9999999999999827
100,0.01,10000.0,9999.999999999412,10000.000000000124,242.69097322548586,242.690973225486,20.111091887814254,20.010671615210732,0.045093398668202576,1.3370661270759037e-05,3.9999999999999747
100,0.01,10000.0,9999.999999998958,10000.000000000553,242.69097322548598,242.69097322548598,23.323781786058472,20.593243829505386,0.052324637769578596,1.4661200625622849e-05,3.9999999999999547
100,0.01,10000.0,10000.000000000235,10000.00000000058,242.69097322548595,242.69097322548598,23.588730891421097,18.70355685627179,0.06049848036265982,1.5185273042481456e-05,4.00000000000001
100,1.0,10000.0,10000.000000001148,10000.0000000018,24269.097322548594,24269.097322548598,1995.994288486664,2028.271757178464,0.000779021310349194,2.1912521148987708e-07,4.00000000000005
100,1.0,10000.0,9999.999999998392,10000.000000001504,24269.09732254859,24269.097322548594,2192.29875313695,2247.9575307330865,0.0007060410858625867,1.9124317496789347e-07,3.9999999999999303
100,1.0,10000.0,10000.00000000023,9999.999999999845,24269.097322548594,24269.097322548594,2123.4571026103135,1926.7631365250315,0.000804101787155812,2.0987260166637945e-07,4.00000000000001
100,1.0,10000.0,9999.99999999941,10000.00000000004,24269.09732254859,24269.097322548598,1858.7256239338687,1826.3093661850824,0.000978072261223295,2.596063458127091e-07,3.9999999999999742
100,1.0,10000.0,10000.000000000977,9999.99999999879,24269.097322548594,24269.097322548598,2133.8666631508117,2363.46329941152,0.0003985524676279063,1.102085133289329e-07,4.000000000000043
100,1.0,10000.0,9999.999999999787,10000.000000000675,24269.097322548594,24269.097322548605,1943.2107270687188,2456.4936845985035,0.0005106257819770951,1.4306495672764812e-07,3.9999999999999907
100,1.0,10000.0,10000.000000000537,10000.000000000788,24269.0973225486,24269.097322548598,1905.9420760426947,1954.7556379250345,0.0008982006874730426,2.2372018276071533e-07,4.000000000000023
100,1.0,10000.0,10000.00000000181,9999.999999998421,24269.097322548587,24269.097322548594,2011.1091887814252,2001.067161521073,0.0010707534974296767,3.1748953819063253e-07,4.000000000000078
100,1.0,10000.0,9999.999999999334,10000.000000000955,24269.097322548594,24269.097322548594,2332.378178605847,2059.3243829505386,0.0006958635182259923,1.9497879170593417e-07,3.999999999999971
100,1.0,10000.0,9999.999999999565,10000.00000000301,24269.097322548594,24269.0973225486,2358.8730891421096,1870.3556856271787,0.0015488290341686866,3.887600422190327e-07,3.999999999999981
100,100.0,10000.0,10000.000000000886,10000.000000001659,2426909.7322548595,2426909.73225486,199599.4288486664,202827.1757178464,7.890532420590658e-06,2.2194702024963484e-09,4.000000000000038
100,100.0,10000.0,10000.000000000144,10000.000000000471,2426909.732254859,2426909.73225486,219229.875313695,224795.75307330865,1.2512956608466065e-05,3.3893460280925463e-09,4.000000000000006
100,100.0,10000.0,9999.999999999713,9999.999999999196,2426909.732254859,2426909.7322548595,212345.71026103134,192676.31365250316,5.699370196573602e-06,1.4875500466745525e-09,3.9999999999999876
100,100.0,10000.0,9999.99999999907,9999.999999999025,2426909.73225486,2426909.73225486,185872.56239338688,182630.93661850825,1.0684956018108175e-05,2.8360710113190494e-09,3.9999999999999596
100,100.0,10000.0,10000.000000000091,9999.999999999345,2426909.73225486,2426909.7322548605,213386.66631508118,236346.329941152,6.058596618798587e-06,1.675335069913213e-09,4.0000000000000036
100,100.0,10000.0,9999.99999999972,10000.000000001603,2426909.7322548595,2426909.73225486,194321.07270687187,245649.36845985035,7.137059685614343e-06,1.999630984419997e-09,3.999999999999988
100,100.0,10000.0,9999.999999999476,10000.000000000691,2426909.7322548605,2426909.73225486,190594.20760426947,195475.56379250344,1.3650150217895912e-05,3.399924030397247e-09,3.9999999999999774
100,100.0,10000.0,10000.000000000106,10000.00000000048,2426909.7322548595,2426909.7322548595,201110.91887814252,200106.7161521073,4.863855150183453e-06,1.4421835923624327e-09,4.000000000000004
100,100.0,10000.0,9999.999999999578,10000.00000000002,2426909.7322548595,2426909.73225486,233237.8178605847,205932.43829505387,8.827012098761646e-06,2.473301313133614e-09,3.999999999999982
100,100.0,10000.0,10000.00000000084,10000.00000000021,2426909.7322548595,2426909.73225486,235887.30891421097,187035.56856271788,5.830823238094015e-06,1.4635515206684764e-09,4.000000000000036
100,0.01,1000000.0,999999.9999999802,1000000.0000043155,20263.65655711648,20263.656557116487,1572.2979004622223,1528.4911550960364,2.592421900038551,1.2315489545988889e-05,5.999999999999991
100,0.01,1000000.0,1000000.000001347,999999.999998811,20263.656557116483,20263.656557116487,1754.9216131006579,1761.4096215525797,3.783452782352776,1.751495246691277e-05,6.000000000000585
100,0.01,1000000.0,1000000.0000054691,1000000.0000023356,20263.656557116483,20263.656557116483,1651.5092167829189,1494.7719244133355,7.852491528456962,3.488671075430632e-05,6.000000000002375
100,0.01,1000000.0,1000000.0000061187,1000000.0000175516,20263.656557116487,20263.65655711649,1484.1880405008849,1425.94817010357,12.27782086095015,5.47927488120073e-05,6.000000000002657
100,0.01,1000000.0,1000000.0000034814,999999.9999960674,20263.656557116487,20263.656557116494,1760.3076453620156,1940.4398946612191,3.0160559744920374,1.4607881113040503e-05,6.000000000001512
100,0.01,1000000.0,999999.9999961457,1000000.000004842,20263.656557116487,20263.65655711649,1474.137495873024,2088.8788330086645,8.731764910770895,4.492094238622972e-05,5.999999999998326
100,0.01,1000000.0,1000000.0000037578,999999.999996878,20263.656557116494,20263.656557116487,1379.740987728696,1517.204051423359,6.71229176259454,2.7145130863894243e-05,6.000000000001632
100,0.01,1000000.0,1000000.0000058993,1000000.0000072565,20263.65655711648,20263.656557116487,1538.0922180024106,1587.4659729154102,3.311528785835169,1.7411522652509277e-05,6.000000000002562
100,0.01,1000000.0,1000000.0000009337,1000000.0000045026,20263.656557116487,20263.656557116487,1869.766790448481,1498.202668427307,5.5608065330231256,2.721105816427292e-05,6.000000000000406
100,0.01,1000000.0,999999.9999929725,1000000.0000071304,20263.656557116483,20263.656557116487,1930.1651963628535,1573.4335758684028,3.3637160714435788,1.3529198643401025e-05,5.999999999996948
100,1.0,1000000.0,1000000.0000007862,1000000.0000017853,2026365.655711648,2026365.6557116492,157229.79004622222,152849.11550960364,0.04622511815495374,2.195957993545556e-07,6.000000000000341
100,1.0,1000000.0,999999.9999994852,999999.9999969363,2026365.6557116488,2026365.6557116485,175492.16131006577,176140.96215525796,0.0816501746545019,3.7798778265567456e-07,5.999999999999776
100,1.0,1000000.0,999999.999989768,1000000.0000005434,2026365.6557116485,2026365.655711649,165150.9216782919,149477.19244133355,0.025507219645056377,1.1332237553915256e-07,5.999999999995556
100,1.0,1000000.0,1000000.0000013333,1000000.0000016092,2026365.655711649,2026365.6557116485,148418.80405008848,142594.817010357,0.06502010166788609,2.9016794908219055e-07,6.000000000000579
100,1.0,1000000.0,1000000.0000090743,1000000.0000044862,2026365.6557116483,2026365.655711649,176030.76453620155,194043.98946612192,0.01927243745682479,9.334358430636282e-08,6.000000000003941
100,1.0,1000000.0,999999.9999953693,1000000.000006783,2026365.6557116485,2026365.6557116492,147413.7495873024,208887.88330086644,0.04583754325141216,2.3581322453773962e-07,5.999999999997989
100,1.0,1000000.0,1000000.000006756,999999.9999915538,2026365.655711649,2026365.6557116488,137974.0987728696,151720.4051423359,0.06868624956632405,2.777735681021209e-07,6.0000000000029345
100,1.0,1000000.0,999999.9999989592,1000000.0000038184,2026365.6557116478,2026365.6557116488,153809.22180024107,158746.59729154102,0.027853515801138855,1.4644961668368024e-07,5.999999999999548
100,1.0,1000000.0,999999.9999966993,999999.9999985343,2026365.6557116485,2026365.6557116488,186976.6790448481,149820.2668427307,0.04266179510542501,2.0875975114722785e-07,5.9999999999985665
100,1.0,1000000.0,1000000.0000002168,999999.9999960294,2026365.6557116485,2026365.6557116488,193016.51963628535,157343.35758684028,0.033045987649544584,1.3291422991211296e-07,6.000000000000094
100,100.0,1000000.0,1000000.0000019051,999999.9999994339,202636565.57116482,202636565.57116485,15722979.004622221,15284911.550960364,0.0005450428652582748,2.5892659328043135e-09,6.000000000000828
100,100.0,1000000.0,999999.9999888203,1000000.0000014046,202636565.57116482,202636565.57116488,17549216.131006576,17614096.215525795,0.0009122583051561965,4.2231690922444225e-09,5.999999999995144
100,100.0,1000000.0,999999.9999984029,1000000.0000080193,202636565.57116485,202636565.57116485,16515092.16782919,14947719.244133355,0.0005015989976938726,2.2284823974492054e-09,5.999999999999306
100,100.0,1000000.0,1000000.0000037857,1000000.0000074512,202636565.57116488,202636565.57116485,14841880.405008849,14259481.701035699,0.00037695257711322874,1.6822421589129261e-09,6.000000000001644
100,100.0,1000000.0,1000000.0000029869,1000000.0000021898,202636565.57116488,202636565.5711649,17603076.453620154,19404398.94661219,0.00020106814493804062,9.738478269935611e-10,6.000000000001297
100,100.0,1000000.0,999999.9999935081,1000000.0000018433,202636565.57116485,202636565.57116488,14741374.95873024,20888788.330086645,0.0007793352120700842,4.0093237184848806e-09,5.999999999997181
100,100.0,1000000.0,1000000.0000085711,999999.9999993109,202636565.57116488,202636565.57116488,13797409.87728696,15172040.51423359,0.00037410213288057874,1.5129037462444176e-09,6.000000000003722
100,100.0,1000000.0,1000000.0000040369,1000000.0000029692,202636565.57116476,202636565.57116485,15380922.180024106,15874659.729154103,0.0006703941565716537,3.524832123816461e-09,6.000000000001753
100,100.0,1000000.0,1000000.0000053165,1000000.0000078548,202636565.57116488,202636565.57116488,18697667.904484812,14982026.68427307,0.0006958036566800146,3.4048215237223715e-09,6.000000000002309
100,100.0,1000000.0,1000000.0000034834,1000000.0000017643,202636565.57116482,202636565.57116482,19301651.963628534,15734335.758684028,0.0012814382990303515,5.154071547237549e-09,6.000000000001513
100,0.01,100000000.0,100000000.02994518,100000000.00857848,1793916.6682880577,1793916.6682880584,134169.20779089906,127918.06039852487,347.8495067551177,2.367534419486859e-05,8.00000000013005
100,0.01,100000000.0,99999999.99415645,100000000.03138745,1793916.6682880584,1793916.6682880586,158157.43755504093,147123.60050190683,144.06557745529463,9.812439357788837e-06,7.999999999974622
100,0.01,100000000.0,99999999.99706511,99999999.96992843,1793916.6682880581,1793916.6682880584,137441.15574593854,128987.93480956426,474.3591679826671,3.1208135538301065e-05,7.999999999987254
100,0.01,100000000.0,99999999.9425557,100000000.01777196,1793916.6682880588,1793916.6682880584,137208.26935868038,125181.52893027142,1075.7428820888006,6.791171626019377e-05,7.999999999750522
100,0.01,100000000.0,99999999.99466558,100000000.05555408,1793916.6682880588,1793916.6682880586,156178.12862495004,168595.53467754394,417.7192344732314,3.056955572227808e-05,7.999999999976833
100,0.01,100000000.0,99999999.91615051,100000000.04218306,1793916.6682880584,1793916.668288059,122085.10423850035,188954.32749394685,170.85957007400128,1.3667845642491661e-05,7.999999999635846
100,0.01,100000000.0,99999999.92425363,99999999.99918962,1793916.668288059,1793916.6682880586,115960.85982355363,125219.04501592543,756.8147400483897,4.279565725991113e-05,7.999999999671037
100,0.01,100000000.0,100000000.04225539,100000000.04286031,1793916.668288058,1793916.6682880584,126224.92300622178,137633.75985084887,464.16637679686943,3.596626806627296e-05,8.000000000183514
100,0.01,100000000.0,100000000.00280716,99999999.9918283,1793916.6682880584,1793916.6682880586,159954.00626037052,122847.01482728795,268.9042340254064,1.9556448220180146e-05,8.000000000012191
100,0.01,100000000.0,100000000.09569688,99999999.99460411,1793916.6682880581,1793916.6682880586,182890.98589636374,139911.33522526803,850.0457835730015,4.5669527635544224e-05,8.000000000415607
100,1.0,100000000.0,100000000.03420301,99999999.99069521,179391666.82880577,179391666.82880583,13416920.779089905,12791806.039852487,2.2812577663130083,1.55267038699044e-07,8.000000000148543
100,1.0,100000000.0,100000000.02118325,99999999.96853408,179391666.82880583,179391666.8288059,15815743.755504092,14712360.050190683,1.0952568688469044,7.45989555267164e-08,8.000000000091998
100,1.0,100000000.0,100000000.00308393,100000000.01169068,179391666.8288058,179391666.82880586,13744115.574593853,12898793.480956426,2.714770647849525,1.786050235459553e-07,8.000000000013394
100,1.0,100000000.0,99999999.97262603,100000000.00340228,179391666.82880583,179391666.82880583,13720826.935868038,12518152.893027142,2.0263040339474263,1.279207019580064e-07,7.999999999881116
100,1.0,100000000.0,99999999.97368298,100000000.12217197,179391666.82880583,179391666.82880592,15617812.862495005,16859553.467754394,2.8616704002231277,2.0942294618736392e-07,7.9999999998857065
100,1.0,100000000.0,100000000.0625128,100000000.00272919,179391666.8288058,179391666.82880592,12208510.423850035,18895432.749394685,5.978692799416729,4.782632328628495e-07,8.00000000027149
100,1.0,100000000.0,99999999.9721198,100000000.0211514,179391666.82880586,179391666.82880583,11596085.982355364,12521904.501592543,7.782392979150158,4.400715326166464e-07,7.999999999878918
100,1.0,100000000.0,100000000.03630039,100000000.00848477,179391666.82880574,179391666.82880583,12622492.300622178,13763375.985084888,3.746366540540515,2.902899262531678e-07,8.00000000015765
100,1.0,100000000.0,100000000.01058327,100000000.03940226,179391666.82880583,179391666.82880586,15995400.62603705,12284701.482728794,2.032662233478908,1.4782829235042295e-07,8.000000000045963
100,1.0,100000000.0,99999999.94936861,99999999.96595289,179391666.82880583,179391666.82880583,18289098.589636374,13991133.522526804,6.977389796938021,3.7486698065440995e-07,7.999999999780111
100,100.0,100000000.0,99999999.92918812,100000000.02601483,17939166682.880577,17939166682.880585,1341692077.9089906,1279180603.9852488,0.019665604485516568,1.3384809989543314e-09,7.999999999692468
100,100.0,100000000.0,99999999.93632402,99999999.94471253,17939166682.880585,17939166682.88059,1581574375.5504093,1471236005.0190682,0.030541470661014432,2.0802077368323615e-09,7.9999999997234585
100,100.0,100000000.0,99999999.98507336,99999999.9677262,17939166682.88058,17939166682.880585,1374411557.4593854,1289879348.0956426,0.033796907720846536,2.223501828755203e-09,7.9999999999351745
100,100.0,100000000.0,99999999.98224084,100000000.0057586,17939166682.880585,17939166682.880585,1372082693.5868037,1251815289.302714,0.028569844587827655,1.8036160993526687e-09,7.999999999922873
100,100.0,100000000.0,99999999.94143444,100000000.06786987,17939166682.88059,17939166682.88059,1561781286.2495005,1685955346.7754393,0.02484616633790308,1.81829373369976e-09,7.999999999745653
100,100.0,100000000.0,100000000.01001832,99999999.98583777,17939166682.88058,17939166682.880592,1220851042.3850036,1889543274.9394684,0.02101983921740566,1.6814739601125146e-09,8.000000000043508
100,100.0,100000000.0,99999999.9800147,100000000.06224854,17939166682.88059,17939166682.880585,1159608598.2355363,1252190450.1592543,0.020447618295606065,1.1562529348366938e-09,7.9999999999132045
100,100.0,100000000.0,100000000.02120163,100000000.00274195,17939166682.880577,17939166682.88059,1262249230.0622177,1376337598.5084887,0.02776276657437137,2.15121808827329e-09,8.000000000092077
100,100.0,100000000.0,100000000.00402807,100000000.06982653,17939166682.880585,17939166682.880585,1599540062.603705,1228470148.2728794,0.03793995966314374,2.7592382822438758e-09,8.000000000017494
100,100.0,100000000.0,100000000.02752438,100000000.04622573,17939166682.880585,17939166682.880585,1828909858.9636374,1399113352.2526805,0.03427686784926684,1.841557707446234e-09,8.000000000119536
100,0.01,1000000000000.0,999996517160.9854,1000002140591.4291,15289675656.74884,15289675656.748848,1085369040.7646534,1011146129.3680543,848065.9187057891,9.559585186276843e-06,11.999998487419601
100,0.01,1000000000000.0,999999045230.1661,999997838120.1616,15289675656.748842,15289675656.748852,1402174913.2035782,1211659379.568659,1152642.5489678194,1.372429954616869e-05,11.999999585348531
100,0.01,1000000000000.0,999999459210.6946,1000003216782.4098,15289675656.748844,15289675656.748846,1054495063.5647984,1149706070.2218654,2506797.7077602134,2.972550343491686e-05,11.999999765138126
100,0.01,1000000000000.0,999999901700.7526,999999788068.1116,15289675656.748846,15289675656.748848,1277601121.8698885,1033847907.0848247,1304637.6656231387,1.2886356768240723e-05,11.999999957309177
100,0.01,1000000000000.0,999998743632.603,999997201914.605,15289675656.748848,15289675656.748854,1340503324.4946575,1382859384.7549675,667449.2174788772,9.129013274454739e-06,11.999999454366229
100,0.01,1000000000000.0,1000000033013.2123,999996160588.3364,15289675656.748846,15289675656.748854,950683124.8005631,1671857891.671378,2212285.332559384,3.312050543944356e-05,12.000000014337456
100,0.01,1000000000000.0,999997414525.4794,999994256952.6316,15289675656.748854,15289675656.748844,946795003.2624123,937711362.5593162,1091503.0579536913,1.0008263176133785e-05,11.99999887714123
100,0.01,1000000000000.0,1000001991257.9288,1000005793144.2849,15289675656.748838,15289675656.748848,964368277.5135335,1140461290.3027813,1613742.4235541683,2.0382724076444892e-05,12.000000864791469
100,0.01,1000000000000.0,1000001646084.3359,999992695170.3579,15289675656.748846,15289675656.748848,1274436163.9362276,1052677121.5786519,954322.1634352779,1.2070651811212771e-05,12.000000714884756
100,0.01,1000000000000.0,1000008113832.4153,999996803670.8849,15289675656.748842,15289675656.748844,1723070278.9660149,1168546538.5133958,1954662.082390538,1.4552750137896077e-05,12.00000352377835
100,1.0,1000000000000.0,999997046259.2434,1000008611735.3086,1528967565674.884,1528967565674.885,108536904076.46533,101114612936.80542,205655.90448809994,2.318203984008679e-06,11.999998717204793
100,1.0,1000000000000.0,1000001359215.6108,999998908323.2946,1528967565674.8848,1528967565674.885,140217491320.35782,121165937956.8659,330882.353865483,3.939775401253693e-06,12.000000590299438
100,1.0,1000000000000.0,1000001778990.0465,1000003578163.0461,1528967565674.8843,1528967565674.8848,105449506356.47983,114970607022.18654,189901.00255229202,2.25183695111703e-06,12.000000772604873
100,1.0,1000000000000.0,1000004415540.3842,1000004908240.7463,1528967565674.8848,1528967565674.8848,127760112186.98886,103384790708.48247,547188.323493581,5.404789066876908e-06,12.00000191764059
100,1.0,1000000000000.0,999996516706.0952,999995969467.7157,1528967565674.885,1528967565674.8855,134050332449.46574,138285938475.49673,137253.55869670503,1.8772776797374748e-06,11.999998487222044
100,1.0,1000000000000.0,999998242115.9767,999998401136.9329,1528967565674.8845,1528967565674.8855,95068312480.0563,167185789167.1378,252326.03133086266,3.777610831479301e-06,11.999999236559997
100,1.0,1000000000000.0,999997570424.9934,999995357604.0635,1528967565674.8855,1528967565674.8845,94679500326.24123,93771136255.93161,359830.38471997064,3.2993981776600582e-06,11.9999989448477
100,1.0,1000000000000.0,999996108978.2726,999997869400.8096,1528967565674.884,1528967565674.885,96436827751.35335,114046129030.27812,69816.20883281917,8.818372266518346e-07,11.999998310147447
100,1.0,1000000000000.0,1000001555202.1111,999997185246.0107,1528967565674.8845,1528967565674.8848,127443616393.62276,105267712157.86519,457723.83593389246,5.789449170100434e-06,12.00000067541517
100,1.0,1000000000000.0,1000006849575.7804,1000000218243.0703,1528967565674.8848,1528967565674.8848,172307027896.60147,116854653851.33957,727656.3380812646,5.417494630191633e-06,12.000002974722777
100,100.0,1000000000000.0,1000003143474.0621,999998819169.0183,152896756567488.4,152896756567488.47,10853690407646.533,10111461293680.543,216338.45282550112,2.438617489831481e-06,12.000001365191293
100,100.0,1000000000000.0,1000000548466.734,999999601252.6473,152896756567488.47,152896756567488.5,14021749132035.781,12116593795686.59,336059.1123504629,4.001392386816487e-06,12.00000023819601
100,100.0,1000000000000.0,999999021346.9039,1000005454194.4519,152896756567488.44,152896756567488.47,10544950635647.982,11497060702218.654,402535.5857779967,4.773233343137603e-06,11.999999574976153
100,100.0,1000000000000.0,999999987427.0288,999997939750.3265,152896756567488.47,152896756567488.44,12776011218698.887,10338479070848.246,530548.4443630715,5.240389760907795e-06,11.999999994539628
100,100.0,1000000000000.0,999996559714.3455,999999968839.3231,152896756567488.5,152896756567488.53,13405033244946.574,13828593847549.674,139454.86594883676,1.9073887111217656e-06,11.999998505900354
100,100.0,1000000000000.0,1000000433374.9266,1000001269973.8601,152896756567488.47,152896756567488.56,9506831248005.63,16718578916713.78,117616.68418308532,1.76085507098341e-06,12.000000188212299
100,100.0,1000000000000.0,999995104306.1671,999999346812.6514,152896756567488.53,152896756567488.47,9467950032624.123,9377113625593.16,612440.8468646378,5.615653241426326e-06,11.999997873821979
100,100.0,1000000000000.0,1000002990442.0262,1000000348109.4863,152896756567488.38,152896756567488.47,9643682775135.334,11404612903027.812,59302.84236012314,7.490468257801873e-07,12.00000129873053
100,100.0,1000000000000.0,1000001336205.8408,999997597711.948,152896756567488.44,152896756567488.5,12744361639362.275,10526771215786.52,285971.42266516207,3.617061264287858e-06,12.000000580306436
100,100.0,1000000000000.0,999996589939.7317,999996184532.9987,152896756567488.44,152896756567488.5,17230702789660.146,11685465385133.957,206772.1315966589,1.5394531447582026e-06,11.999998519027118
500,0.01,100.0,100.00000000000024,100.0,7.394214411566499,7.394214411566488,0.26626473663714195,0.27044463541991315,0.005415124926134153,2.6815022512371216e-05,2.000000000000001
500,0.01,100.0,100.00000000000004,100.00000000000016,7.394214411566487,7.394214411566491,0.2793613497654024,0.26743832019905195,0.0038082069277230986,1.8941246444857567e-05,2.0
500,0.01,100.0,99.99999999999969,99.99999999999972,7.39421441156649,7.394214411566492,0.2941938468888035,0.2620742517981198,0.0057955196844177,2.897874042441172e-05,1.9999999999999987
500,0.01,100.0,99.99999999999987,99.99999999999999,7.394214411566488,7.394214411566483,0.25786092172346314,0.28168165793596933,0.004836393449139926,2.414404147153581e-05,1.9999999999999993
500,0.01,100.0,100.00000000000051,100.00000000000023,7.394214411566495,7.3942144115664865,0.2624832076311565,0.27093560976194103,0.004692322810003085,2.3567888897867856e-05,2.000000000000002
500,0.01,100.0,99.99999999999987,99.99999999999979,7.394214411566496,7.394214411566494,0.27402300086807513,0.2640529074245686,0.004963717677304019,2.4690841564358686e-05,1.9999999999999993
500,0.01,100.0,100.0000000000003,99.99999999999984,7.394214411566496,7.394214411566494,0.2654536730435392,0.2654048093847549,0.005894142122510211,2.977763317745846e-05,2.0000000000000013
500,0.01,100.0,99.99999999999997,100.00000000000024,7.39421441156649,7.394214411566485,0.2684921181295695,0.2688283858055447,0.004874006701209806,2.4153957462617126e-05,1.9999999999999998
500,0.01,100.0,100.00000000000014,100.00000000000006,7.394214411566491,7.394214411566495,0.26315331102385003,0.26769839829745157,0.004746907912952781,2.372007372950999e-05,2.0000000000000004
500,0.01,100.0,99.99999999999997,100.00000000000007,7.394214411566487,7.394214411566498,0.2627511532881726,0.26956746602126325,0.0040226102221053404,2.0002743330922005e-05,1.9999999999999998
500,1.0,100.0,100.0000000000001,99.99999999999991,739.4214411566492,739.4214411566487,26.626473663714194,27.044463541991313,5.4426611719631564e-05,2.6951378563594953e-07,2.0000000000000004
500,1.0,100.0,100.00000000000018,100.00000000000017,739.4214411566487,739.4214411566489,27.936134976540238,26.743832019905195,4.494547511379129e-05,2.235496486585444e-07,2.000000000000001
500,1.0,100.0,99.99999999999976,99.99999999999999,739.4214411566492,739.4214411566485,29.419384688880353,26.207425179811978,4.827538883905901e-05,2.4138645682042794e-07,1.999999999999999
500,1.0,100.0,100.00000000000018,99.9999999999999,739.4214411566495,739.4214411566493,25.78609217234631,28.16816579359693,4.38723485151501e-05,2.1901770671528555e-07,2.000000000000001
500,1.0,100.0,100.00000000000057,100.00000000000016,739.4214411566485,739.4214411566494,26.24832076311565,27.093560976194105,4.6105719819221854e-05,2.3157283210336727e-07,2.0000000000000027
500,1.0,100.0,99.9999999999998,100.00000000000013,739.4214411566487,739.4214411566488,27.402300086807514,26.40529074245686,4.7515090565073936e-05,2.3635259886408306e-07,1.9999999999999991
500,1.0,100.0,99.99999999999987,99.99999999999973,739.4214411566493,739.4214411566492,26.545367304353917,26.540480938475493,4.193894471341152e-05,2.1187858819288518e-07,1.9999999999999993
500,1.0,100.0,100.0,100.00000000000021,739.4214411566483,739.4214411566489,26.849211812956952,26.88283858055447,4.911614797662366e-05,2.4340330690569326e-07,2.0
500,1.0,100.0,100.0000000000003,100.00000000000004,739.4214411566492,739.4214411566492,26.315331102385002,26.769839829745155,6.0001190923072637e-05,2.9982310562000703e-07,2.0000000000000013
500,1.0,100.0,99.99999999999991,99.99999999999999,739.4214411566492,739.4214411566495,26.27511532881726,26.956746602126326,4.766252575107571e-05,2.3700562979309754e-07,1.9999999999999996
500,100.0,100.0,99.99999999999984,99.99999999999979,73942.1441156649,73942.14411566492,2662.6473663714196,2704.4463541991313,4.999633260176049e-07,2.4757559660018694e-09,1.9999999999999993
500,100.0,100.0,100.00000000000007,99.99999999999997,73942.14411566503,73942.14411566492,2793.613497654024,2674.3832019905194,4.5768751860554683e-07,2.2764445969395453e-09,2.0000000000000004
500,100.0,100.0,99.99999999999969,99.99999999999996,73942.14411566482,73942.14411566492,2941.9384688880355,2620.7425179811976,3.8352701835481604e-07,1.917710665453375e-09,1.9999999999999987
500,100.0,100.0,99.99999999999983,99.99999999999989,73942.14411566497,73942.14411566492,2578.609217234631,2816.816579359693,5.324625212796951e-07,2.658137169981833e-09,1.9999999999999993
500,100.0,100.0,100.00000000000043,100.00000000000006,73942.14411566487,73942.14411566498,2624.832076311565,2709.3560976194103,4.845877322454269e-07,2.4339139264850476e-09,2.0000000000000018
500,100.0,100.0,99.99999999999969,100.0000000000002,73942.14411566495,73942.1441156649,2740.2300086807513,2640.529074245686,6.336143217929011e-07,3.1517648362294046e-09,1.9999999999999987
500,100.0,100.0,99.99999999999994,99.99999999999979,73942.14411566497,73942.14411566487,2654.5367304353917,2654.0480938475494,4.744807462446473e-07,2.3971111177452577e-09,1.9999999999999998
500,100.0,100.0,100.00000000000023,100.00000000000009,73942.14411566494,73942.14411566497,2684.921181295695,2688.283858055447,4.332281860892673e-07,2.1469349182079634e-09,2.000000000000001
500,100.0,100.0,100.00000000000014,100.00000000000026,73942.14411566494,73942.14411566497,2631.5331102385003,2676.9839829745156,4.266761360401144e-07,2.1320804176288274e-09,2.0000000000000004
500,100.0,100.0,99.9999999999998,99.99999999999999,73942.14411566492,73942.14411566491,2627.511532881726,2695.6746602126327,4.776273174693681e-07,2.3750391192951097e-09,1.9999999999999991
500,0.01,10000.0,9999.999999999514,9999.99999999998,525.2827261477021,525.2827261477024,15.762398481899949,16.915288187033283,0.1843417268430257,2.344334280534894e-05,3.999999999999979
500,0.01,10000.0,9999.999999998536,9999.999999998092,525.2827261477017,525.2827261477022,17.02189675532955,15.1502520451079,0.17166302823499158,2.2130978762097357e-05,3.9999999999999365
500,0.01,10000.0,10000.000000002115,9999.999999999944,525.2827261477021,525.282726147702,17.126889044501343,14.929384690364767,0.2169138864812605,2.816320186841335e-05,4.0000000000000915
500,0.01,10000.0,10000.000000000673,10000.000000001075,525.2827261477023,525.2827261477017,14.648747851882723,15.861566163101616,0.14180399814560127,1.8497881832056577e-05,4.000000000000029
500,0.01,10000.0,10000.00000000073,10000.00000000118,525.2827261477021,525.2827261477024,14.68851540648773,15.44195757760719,0.1625077754607848,2.157287525382739e-05,4.000000000000032
500,0.01,10000.0,9999.999999999221,9999.999999999854,525.2827261477023,525.2827261477023,16.110385904289675,15.842065884156618,0.14068445877235697,1.8214624562065394e-05,3.9999999999999662
500,0.01,10000.0,9999.999999999634,9999.999999998765,525.2827261477021,525.282726147702,15.260648076316757,14.828539861805123,0.20737883482812355,2.7384511067152483e-05,3.999999999999984
500,0.01,10000.0,9999.9999999995,10000.00000000135,525.2827261477022,525.2827261477022,14.824623587330377,15.519889009352914,0.2380137124383061,3.0331062585519813e-05,3.9999999999999782
500,0.01,10000.0,9999.999999999853,10000.000000000082,525.2827261477023,525.2827261477023,15.259446827051356,15.58261617015662,0.15982279193039137,2.084724733739602e-05,3.999999999999994
500,0.01,10000.0,9999.999999999112,10000.000000000273,525.2827261477017,525.282726147702,15.370129659810646,15.747062186350849,0.18265805346971925,2.362961938416706e-05,3.9999999999999614
500,1.0,10000.0,10000.000000000555,9999.999999999558,52528.2726147702,52528.2726147702,1576.2398481899947,1691.5288187033284,0.0022345594613228164,2.841762652865646e-07,4.000000000000024
500,1.0,10000.0,10000.000000000178,10000.000000000275,52528.27261477024,52528.27261477023,1702.189675532955,1515.02520451079,0.0016227459996555184,2.0920612681662193e-07,4.000000000000008
500,1.0,10000.0,10000.000000000726,10000.000000000402,52528.272614770154,52528.27261477024,1712.6889044501343,1492.9384690364766,0.0020977828169688,2.7236744455955e-07,4.000000000000031
500,1.0,10000.0,10000.000000000317,10000.000000000264,52528.2726147702,52528.272614770205,1464.8747851882722,1586.1566163101616,0.0020558844500844285,2.681836063534426e-07,4.000000000000013
500,1.0,10000.0,10000.000000001064,9999.999999999844,52528.27261477022,52528.272614770205,1468.851540648773,1544.1957577607188,0.002392246375207143,3.1757023614674683e-07,4.000000000000046
500,1.0,10000.0,9999.99999999929,10000.000000000742,52528.27261477019,52528.27261477019,1611.0385904289674,1584.2065884156618,0.0016065291785227326,2.0799970437491292e-07,3.9999999999999694
500,1.0,10000.0,10000.000000000902,9999.999999999678,52528.27261477017,52528.27261477017,1526.0648076316756,1482.8539861805123,0.0017613658042776642,2.3258950895603059e-07,4.000000000000039
500,1.0,10000.0,9999.999999999973,10000.00000000047,52528.27261477018,52528.2726147702,1482.4623587330377,1551.9889009352914,0.0017124891676197288,2.1822951118231766e-07,3.9999999999999987
500,1.0,10000.0,10000.000000000404,9999.999999999913,52528.272614770256,52528.2726147702,1525.9446827051356,1558.2616170156618,0.001434538758697588,1.8712089781709636e-07,4.000000000000018
500,1.0,10000.0,9999.999999999456,9999.999999999547,52528.27261477022,52528.272614770256,1537.0129659810646,1574.706218635085,0.001396927207371998,1.8071394931984188e-07,3.9999999999999765
500,100.0,10000.0,10000.000000000451,9999.99999999945,5252827.261477022,5252827.261477022,157623.98481899948,169152.88187033284,1.7753843503552658e-05,2.2578145843274812e-09,4.0000000000000195
500,100.0,10000.0,9999.999999998696,9999.99999999919,5252827.261477019,5252827.261477029,170218.96755329552,151502.520451079,1.924965919568386e-05,2.4816863783511233e-09,3.999999999999943
500,100.0,10000.0,10000.00000000085,10000.00000000079,5252827.2614770215,5252827.2614770215,171268.8904450134,149293.84690364765,1.9813444700081865e-05,2.5724957117729538e-09,4.000000000000037
500,100.0,10000.0,10000.000000000295,10000.000000000733,5252827.261477023,5252827.261477016,146487.4785188272,158615.66163101615,2.805379076183897e-05,3.6595280333415394e-09,4.000000000000012
500,100.0,10000.0,9999.999999999432,10000.000000000342,5252827.261477021,5252827.261477025,146885.15406487728,154419.57577607187,2.170885752908416e-05,2.8818465704187603e-09,3.999999999999975
500,100.0,10000.0,10000.000000000335,10000.000000000784,5252827.261477022,5252827.261477023,161103.85904289674,158420.65884156618,1.8317815819601318e-05,2.3716346557581546e-09,4.000000000000014
500,100.0,10000.0,10000.000000000235,9999.999999999314,5252827.261477019,5252827.26147702,152606.48076316755,148285.39861805123,2.359283886731662e-05,3.1154498365422686e-09,4.00000000000001
500,100.0,10000.0,9999.999999999469,10000.000000000444,5252827.26147702,5252827.26147702,148246.23587330378,155198.89009352913,2.2277664759104412e-05,2.8389340981468725e-09,3.999999999999977
500,100.0,10000.0,10000.000000000175,9999.999999999327,5252827.261477022,5252827.261477021,152594.46827051355,155826.1617015662,1.7484556669917655e-05,2.2806814540021046e-09,4.000000000000008
500,100.0,10000.0,9999.999999999229,9999.999999999707,5252827.261477018,5252827.261477022,153701.29659810645,157470.62186350848,1.7808520063644838e-05,2.3038050767851482e-09,3.9999999999999667
500,0.01,1000000.0,1000000.0000107496,1000000.0000069202,43085.99119085788,43085.99119085789,1161.9757566551216,1316.4758405048503,7.99536752277792,1.7998398293039022e-05,6.000000000004668
500,0.01,1000000.0,999999.9999997162,999999.9999960143,43085.991190857894,43085.99119085791,1305.6222178088483,1118.9504937030358,13.799751484332669,3.181178655791007e-05,5.9999999999998765
500,0.01,1000000.0,1000000.0000027575,1000000.0000021323,43085.99119085792,43085.991190857916,1219.353284566904,1071.2319181112837,12.8061173521529,2.9445684006429422e-05,6.000000000001197
500,0.01,1000000.0,1000000.0000004283,999999.9999972538,43085.99119085791,43085.99119085788,1064.4023213116002,1096.9977297214023,12.525824278703743,2.9195548809037153e-05,6.000000000000186
500,0.01,1000000.0,1000000.0000048935,1000000.0000033834,43085.991190857894,43085.9911908579,1059.3109582315917,1094.5486349418914,10.107006850951992,2.4197555772608537e-05,6.000000000002125
500,0.01,1000000.0,999999.9999980212,999999.9999967886,43085.99119085788,43085.9911908579,1206.6261586978972,1186.8601921737268,15.561810284331624,3.594924467773922e-05,5.99999999999914
500,0.01,1000000.0,1000000.0000033147,1000000.0000004122,43085.991190857865,43085.99119085786,1130.7198452252333,1086.796413304736,11.640461376831611,2.7283613175574653e-05,6.00000000000144
500,0.01,1000000.0,999999.9999903623,999999.9999934398,43085.99119085794,43085.99119085787,1061.698746673183,1154.9561019849716,8.949226574274523,2.0085757196584925e-05,5.999999999995814
500,0.01,1000000.0,999999.9999945273,999999.9999977115,43085.99119085788,43085.9911908579,1120.6648461939742,1122.5575709708426,13.627206039489234,3.1805203686858346e-05,5.999999999997623
500,0.01,1000000.0,1000000.0000054253,999999.9999978949,43085.99119085788,43085.991190857916,1180.2316107351032,1151.0883061493475,9.718376052575405,2.2379665950795872e-05,6.000000000002356
500,1.0,1000000.0,1000000.0000039664,999999.9999917821,4308599.119085786,4308599.119085792,116197.57566551215,131647.58405048502,0.07110050676368837,1.6005458609922612e-07,6.000000000001722
500,1.0,1000000.0,1000000.0000031004,1000000.0000041063,4308599.1190857915,4308599.119085789,130562.22178088484,111895.04937030358,0.09254713116106554,2.133436668325927e-07,6.0000000000013465
500,1.0,1000000.0,999999.9999961427,1000000.0000023069,4308599.119085788,4308599.119085785,121935.3284566904,107123.19181112836,0.09931003821642281,2.2834805613419616e-07,5.999999999998325
500,1.0,1000000.0,1000000.0000095218,999999.9999982667,4308599.119085786,4308599.119085788,106440.23213116001,109699.77297214021,0.11050548414214739,2.575693370871647e-07,6.000000000004135
500,1.0,1000000.0,1000000.0000040439,999999.9999912571,4308599.119085789,4308599.119085791,105931.09582315916,109454.86349418914,0.07577249915758705,1.814097191612544e-07,6.000000000001756
500,1.0,1000000.0,1000000.0000072347,1000000.0000012827,4308599.11908579,4308599.119085791,120662.61586978972,118686.01921737268,0.10936029757159363,2.526325680374779e-07,6.000000000003142
500,1.0,1000000.0,999999.9999934409,1000000.0000030496,4308599.1190857915,4308599.11908579,113071.98452252331,108679.6413304736,0.08968531538099721,2.1020983388668352e-07,5.999999999997152
500,1.0,1000000.0,999999.9999909281,1000000.0000017502,4308599.119085785,4308599.11908579,106169.8746673183,115495.61019849716,0.09050270250610937,2.0312540900429347e-07,5.99999999999606
500,1.0,1000000.0,999999.9999939309,999999.9999956801,4308599.119085788,4308599.119085787,112066.48461939742,112255.75709708426,0.08388078568386668,1.9577347450073278e-07,5.999999999997364
500,1.0,1000000.0,1000000.0000076543,999999.9999973878,4308599.11908579,4308599.119085789,118023.16107351033,115108.83061493476,0.1174437353038497,2.7045172463973487e-07,6.0000000000033245
500,100.0,1000000.0,1000000.0000192648,1000000.000009009,430859911.90857905,430859911.90857893,11619757.566551216,13164758.405048503,0.0009967244720357718,2.2437297578948574e-09,6.000000000008367
500,100.0,1000000.0,1000000.0000016441,999999.999999424,430859911.9085789,430859911.90857863,13056222.178088484,11189504.937030358,0.0009421414517931283,2.1718653995919854e-09,6.000000000000714
500,100.0,1000000.0,999999.9999980166,999999.9999984001,430859911.9085791,430859911.9085789,12193532.84566904,10712319.181112835,0.0010009190002232722,2.301458262964496e-09,5.9999999999991385
500,100.0,1000000.0,1000000.0000058716,1000000.0000100906,430859911.90857905,430859911.9085785,10644023.213116001,10969977.297214022,0.001303636690051242,3.0385536126596423e-09,6.00000000000255
500,100.0,1000000.0,1000000.000001904,1000000.0000096791,430859911.9085789,430859911.9085789,10593109.582315916,10945486.349418914,0.0006814561149000804,1.631499076834009e-09,6.000000000000827
500,100.0,1000000.0,999999.9999935928,999999.9999984731,430859911.90857905,430859911.90857875,12066261.586978972,11868601.921737269,0.0010595564040909247,2.4476748992948815e-09,5.999999999997217
500,100.0,1000000.0,1000000.0000114861,999999.9999978434,430859911.908579,430859911.90857893,11307198.452252332,10867964.13304736,0.0013181845597947262,3.089640217796324e-09,6.000000000004988
500,100.0,1000000.0,1000000.0000000158,1000000.000003155,430859911.9085789,430859911.9085786,10616987.466731831,11549561.019849716,0.0016688843738428972,3.745665174968948e-09,6.000000000000007
500,100.0,1000000.0,999999.9999895929,999999.9999966519,430859911.90857893,430859911.9085791,11206648.461939743,11225575.709708426,0.0006331157051293055,1.4776597565652626e-09,5.99999999999548
500,100.0,1000000.0,999999.9999954938,1000000.0000047437,430859911.9085792,430859911.90857905,11802316.107351033,11510883.061493477,0.0009265556734472198,2.1336904791938355e-09,5.999999999998043
500,0.01,100000000.0,100000000.00854537,99999999.9420899,3748427.8207615074,3748427.820761508,93538.92943510193,110690.56008898767,612.9607159170171,2.0819513671682187e-05,8.000000000037112
500,0.01,100000000.0,99999999.97593755,100000000.04048263,3748427.820761508,3748427.820761509,110103.64262170196,90693.77433484918,726.7839241992149,2.5503020465845957e-05,7.999999999895498
500,0.01,100000000.0,100000000.00001673,100000000.00909065,3748427.8207615064,3748427.820761508,95028.7247338017,85648.67332016064,743.5077509459773,2.565755452357655e-05,8.000000000000073
500,0.01,100000000.0,99999999.99842437,99999999.98676503,3748427.8207615092,3748427.8207615083,86186.15196887344,86197.82153192295,938.4838559436512,3.310331798021754e-05,7.9999999999931575
500,0.01,100000000.0,99999999.92429444,99999999.98440853,3748427.820761507,3748427.820761508,84665.6757847207,86093.30553163201,412.04613837129995,1.4978054414532357e-05,7.999999999671215
500,0.01,100000000.0,100000000.00687617,99999999.9144244,3748427.8207615074,3748427.8207615064,97753.93370661732,96759.17811445174,396.29661475966583,1.3837195400932356e-05,8.000000000029862
500,0.01,100000000.0,100000000.0344293,100000000.01202391,3748427.820761506,3748427.8207615074,90972.6906667724,89092.37139456146,619.573810699575,2.1781669937808757e-05,8.000000000149525
500,0.01,100000000.0,100000000.01376961,99999999.99623586,3748427.820761509,3748427.8207615074,86090.634032391,93838.9194898941,586.3399995414406,1.9662244432929066e-05,8.000000000059801
500,0.01,100000000.0,100000000.01827988,100000000.02651243,3748427.8207615074,3748427.8207615083,89482.04923886825,88942.46489153198,711.3329784072789,2.520885517535763e-05,8.000000000079389
500,0.01,100000000.0,99999999.98545359,100000000.04462774,3748427.82076151,3748427.8207615074,98157.074499184,92628.27624975218,917.7110277800116,3.1772013174027265e-05,7.999999999936826
500,1.0,100000000.0,99999999.95005769,100000000.04506557,374842782.0761507,374842782.07615083,9353892.943510193,11069056.008898767,10.54693916181816,3.582320014213256e-07,7.999999999783103
500,1.0,100000000.0,99999999.96745646,100000000.01522896,374842782.0761509,374842782.0761508,11010364.262170196,9069377.433484918,8.203021075371195,2.8784595728052013e-07,7.999999999858665
500,1.0,100000000.0,99999999.97032921,100000000.00654389,374842782.0761508,374842782.07615113,9502872.47338017,8564867.332016064,5.802301018397802,2.0023040049005936e-07,7.999999999871141
500,1.0,100000000.0,100000000.00520952,100000000.01311989,374842782.07615083,374842782.07615083,8618615.196887344,8619782.153192295,9.68577248553441,3.416480789194075e-07,8.000000000022625
500,1.0,100000000.0,99999999.99571127,99999999.98079269,374842782.07615054,374842782.076151,8466567.57847207,8609330.5531632,7.022259379226203,2.5526214980979456e-07,7.999999999981374
500,1.0,100000000.0,100000000.07854074,100000000.09470934,374842782.0761509,374842782.0761508,9775393.370661732,9675917.811445175,8.231513855984437,2.874136731180069e-07,8.000000000341098
500,1.0,100000000.0,100000000.0850214,100000000.0202868,374842782.07615083,374842782.07615066,9097269.066677239,8909237.139456145,6.936482516409777,2.4385822979400667e-07,8.000000000369242
500,1.0,100000000.0,100000000.04905689,100000000.10310659,374842782.07615113,374842782.07615083,8609063.4032391,9383891.94898941,7.017526709306562,2.3532476994600116e-07,8.000000000213051
500,1.0,100000000.0,99999999.95861945,99999999.97797255,374842782.0761506,374842782.0761508,8948204.923886824,8894246.489153199,4.061519328098316,1.4393575953652973e-07,7.999999999820287
500,1.0,100000000.0,100000000.01921842,99999999.99838403,374842782.0761509,374842782.0761509,9815707.4499184,9262827.624975218,5.473904338059521,1.8951168230045087e-07,8.000000000083464
500,100.0,100000000.0,99999999.9487994,100000000.07477725,37484278207.6151,37484278207.6151,935389294.3510194,1106905600.8898766,0.0719296957157051,2.4431276661051735e-09,7.999999999777638
500,100.0,100000000.0,99999999.99127764,99999999.9738035,37484278207.61505,37484278207.615105,1101036426.2170196,906937743.3484918,0.0527951682016563,1.8525949880907433e-09,7.999999999962119
500,100.0,100000000.0,99999999.92441076,100000000.05129743,37484278207.615074,37484278207.61507,950287247.3380171,856486733.2016064,0.06163088754586834,2.126807495074843e-09,7.99999999967172
500,100.0,100000000.0,99999999.92793776,99999999.93992715,37484278207.61509,37484278207.61505,861861519.6887344,861978215.3192295,0.052140254284812,1.8391530188313727e-09,7.999999999687038
500,100.0,100000000.0,100000000.07133384,100000000.03405301,37484278207.6151,37484278207.615105,846656757.8472071,860933055.3163201,0.0670849918787951,2.4385683185643674e-09,8.000000000309798
500,100.0,100000000.0,99999999.98335434,100000000.02100056,37484278207.61507,37484278207.61509,977539337.0661732,967591781.1445174,0.057629076247349156,2.0121917751870636e-09,7.9999999999277085
500,100.0,100000000.0,100000000.0420294,100000000.0230081,37484278207.61508,37484278207.61507,909726906.6677239,890923713.9456146,0.05411507704923214,1.9024638007036073e-09,8.000000000182531
500,100.0,100000000.0,100000000.06498069,99999999.99196942,37484278207.61507,37484278207.61509,860906340.3239099,938389194.898941,0.07127536022610632,2.390138070322422e-09,8.000000000282208
500,100.0,100000000.0,100000000.0224341,100000000.056154,37484278207.61508,37484278207.61505,894820492.3886825,889424648.9153199,0.05847348374563042,2.0722356875135574e-09,8.00000000009743
500,100.0,100000000.0,99999999.97585092,99999999.9813903,37484278207.61505,37484278207.61509,981570744.99184,926282762.4975218,0.06932987302418547,2.4002649773080383e-09,7.999999999895122
500,0.01,1000000000000.0,999998061903.3096,999989577953.174,30885163128.867943,30885163128.867935,685964407.4254972,862869338.84723,4416485.425318229,2.693151888451239e-05,11.999999158294486
500,0.01,1000000000000.0,999995182844.9849,999998121848.3232,30885163128.867924,30885163128.867897,889472048.4508412,675219037.913371,4905348.520210419,3.134350166942104e-05,11.99999790793112
500,0.01,1000000000000.0,1000003850672.3081,999997638595.6918,30885163128.867897,30885163128.867935,727298465.8866142,686621986.0108192,3085917.1584907877,1.8861497934702942e-05,12.000001672322515
500,0.01,1000000000000.0,1000002735858.3535,1000005302596.8066,30885163128.867947,30885163128.867905,660632768.7249509,643913967.987823,3865306.8751015654,2.4437843860602428e-05,12.00000118816656
500,0.01,1000000000000.0,1000005006808.968,1000004372485.4492,30885163128.867905,30885163128.867924,633321181.8363723,643787755.3890885,3411618.869592697,2.214714836976627e-05,12.000002174424063
500,0.01,1000000000000.0,1000004659835.6097,999992074349.2721,30885163128.86789,30885163128.86791,720342717.1190825,728463104.0817231,3362761.437493444,2.0992062301543473e-05,12.000002023736176
500,0.01,1000000000000.0,1000001832122.5245,1000007927784.4031,30885163128.867897,30885163128.867916,658058920.0450221,685864877.6424302,2736592.55818073,1.6977578758061804e-05,12.000000795679973
500,0.01,1000000000000.0,1000003496680.8318,999994625740.347,30885163128.86792,30885163128.867905,694898779.5912163,704231135.6752473,3798664.9809126565,2.231524782029716e-05,12.000001518586535
500,0.01,1000000000000.0,1000002805837.2412,1000001048151.4877,30885163128.8679,30885163128.867893,703049424.7278204,674290906.0115122,2970928.0623722607,1.909210477463035e-05,12.000001218557921
500,0.01,1000000000000.0,999999811104.8988,999999629906.3655,30885163128.867905,30885163128.8679,747843775.9448458,691218077.4422699,3773428.0374678774,2.302573919505387e-05,11.999999917963892
500,1.0,1000000000000.0,999995017051.0963,1000000149264.3561,3088516312886.792,3088516312886.792,68596440742.54971,86286933884.72299,548697.7951770051,3.345932567992605e-06,11.999997835927395
500,1.0,1000000000000.0,1000009068576.0562,999991373542.5671,3088516312886.7905,3088516312886.793,88947204845.08412,67521903791.33709,594037.1693794344,3.7957003524568095e-06,12.000003938414682
500,1.0,1000000000000.0,999999327582.1971,1000002944173.228,3088516312886.7905,3088516312886.7915,72729846588.66142,68662198601.08192,452005.0732333661,2.7627106861279543e-06,11.999999707972561
500,1.0,1000000000000.0,1000004669432.4873,999997641611.207,3088516312886.7915,3088516312886.7905,66063276872.49509,64391396798.782295,459734.7707020705,2.9066126010474746e-06,12.000002027904028
500,1.0,1000000000000.0,1000007618652.5986,1000003617192.0132,3088516312886.7905,3088516312886.7886,63332118183.63722,64378775538.90885,335237.78344470955,2.176260380777817e-06,12.000003308726178
500,1.0,1000000000000.0,1000001029443.2356,999996219614.6343,3088516312886.788,3088516312886.793,72034271711.90825,72846310408.1723,651283.6950460215,4.06562862357958e-06,12.000000447081286
500,1.0,1000000000000.0,1000005988950.4474,1000005316960.3414,3088516312886.7905,3088516312886.791,65805892004.50221,68586487764.24301,702285.0174048474,4.356920675682657e-06,12.000002600960343
500,1.0,1000000000000.0,1000007126710.9698,999999718769.8729,3088516312886.7915,3088516312886.7905,69489877959.12163,70423113567.52473,431584.90862820414,2.535344360934118e-06,12.000003095080219
500,1.0,1000000000000.0,1000003854056.3612,1000002545577.9218,3088516312886.7905,3088516312886.792,70304942472.78204,67429090601.151215,436104.5605347886,2.8025431501678153e-06,12.000001673792186
500,1.0,1000000000000.0,1000002394878.9935,999999354214.0869,3088516312886.792,3088516312886.79,74784377594.48457,69121807744.22699,485429.73157637333,2.962123131461172e-06,12.000001040081486
500,100.0,1000000000000.0,1000003789828.9962,1000000033850.3778,308851631288679.1,308851631288679.3,6859644074254.972,8628693388472.299,375086.0276444211,2.287254228648191e-06,12.0000016458987
500,100.0,1000000000000.0,1000001484994.4377,999999303543.2296,308851631288679.1,308851631288679.2,8894720484508.412,6752190379133.709,488808.9325396545,3.1233211828642648e-06,12.00000064492441
500,100.0,1000000000000.0,999998152503.2609,999997991599.5969,308851631288678.8,308851631288679.3,7272984658866.143,6866219860108.191,436049.6553881138,2.665189220874316e-06,11.99999919764162
500,100.0,1000000000000.0,1000001390010.9335,999999492602.3129,308851631288678.94,308851631288679.06,6606327687249.509,6439139679878.2295,551242.7872888127,3.4851562781826712e-06,12.000000603673659
500,100.0,1000000000000.0,999993665588.849,999999754587.5657,308851631288679.0,308851631288679.25,6333211818363.723,6437877553890.885,540444.0237552745,3.5083923363478005e-06,11.999997248991479
500,100.0,1000000000000.0,1000005923816.4989,1000001551867.8143,308851631288679.1,308851631288679.06,7203427171190.825,7284631040817.23,404544.2886296094,2.5253631991722717e-06,12.000002572673198
500,100.0,1000000000000.0,999999308260.2349,1000003991196.3151,308851631288679.06,308851631288679.2,6580589200450.222,6858648776424.301,786261.1850905869,4.8779025380260615e-06,11.999999699581133
500,100.0,1000000000000.0,1000005868045.6292,999999424395.0238,308851631288678.94,308851631288679.2,6948987795912.163,7042311356752.474,421639.36563425686,2.4769177086279634e-06,12.00000254845236
500,100.0,1000000000000.0,999996945626.4606,999999525335.356,308851631288679.0,308851631288679.1,7030494247278.204,6742909060115.121,482926.3036110094,3.103430211044886e-06,11.9999986735004
500,100.0,1000000000000.0,999999444775.2961,1000003773773.88,308851631288679.5,308851631288679.06,7478437759448.457,6912180774422.699,288267.0834542364,1.7590244791000193e-06,11.999999758868908
1000,0.01,100.0,99.99999999999977,100.00000000000051,10.43815206678819,10.4381520667882,0.25287433592812997,0.24642716481632015,0.00742137953524019,2.6250632504309017e-05,1.9999999999999991
1000,0.01,100.0,100.0,100.0000000000003,10.43815206678818,10.438152066788192,0.2505635042144521,0.25166902455327755,0.006643443474667357,2.3538690837815465e-05,2.0
1000,0.01,100.0,100.00000000000041,100.00000000000001,10.438152066788206,10.4381520667882,0.25175171992488976,0.2632132958879616,0.007527135866670755,2.6720438269968225e-05,2.0000000000000018
1000,0.01,100.0,99.99999999999999,100.0000000000001,10.438152066788218,10.438152066788183,0.26188824998256743,0.2506074175876216,0.007499977829364857,2.6748823941311865e-05,2.0
1000,0.01,100.0,100.00000000000026,100.00000000000001,10.438152066788188,10.438152066788199,0.25370843756140465,0.2547603497963486,0.00756464641877785,2.6763994554006345e-05,2.0000000000000013
1000,0.01,100.0,99.99999999999964,99.99999999999963,10.438152066788192,10.438152066788184,0.25173151194896554,0.25422343633570077,0.006543532497305718,2.3228038022327205e-05,1.9999999999999984
1000,0.01,100.0,100.0000000000001,99.99999999999979,10.438152066788192,10.438152066788188,0.2515802875651936,0.2518639668000282,0.00662518108026012,2.357883151303051e-05,2.0000000000000004
1000,0.01,100.0,100.0,100.00000000000021,10.438152066788174,10.438152066788184,0.2585517850715136,0.2509333120674516,0.00673808258747535,2.39187794116637e-05,2.0
1000,0.01,100.0,100.00000000000004,99.99999999999952,10.438152066788188,10.438152066788183,0.25349279622631565,0.24904881037026996,0.006643405173684349,2.3491993511160652e-05,2.0
1000,0.01,100.0,100.00000000000055,99.99999999999979,10.438152066788197,10.438152066788192,0.2610423878848593,0.25757913740994415,0.007266511478859789,2.584702961775168e-05,2.000000000000002
1000,1.0,100.0,99.99999999999974,100.00000000000011,1043.8152066788207,1043.8152066788195,25.287433592812995,24.642716481632014,7.685739795671645e-05,2.7185717957407995e-07,1.999999999999999
1000,1.0,100.0,99.99999999999973,99.99999999999986,1043.8152066788186,1043.8152066788177,25.056350421445213,25.166902455327754,7.250928988025746e-05,2.569110076527567e-07,1.999999999999999
1000,1.0,100.0,99.99999999999977,100.00000000000016,1043.8152066788214,1043.8152066788186,25.175171992488973,26.32132958879616,6.109364154885449e-05,2.1687517092949234e-07,1.9999999999999991
1000,1.0,100.0,99.99999999999956,100.00000000000018,1043.8152066788184,1043.8152066788211,26.188824998256745,25.060741758762163,7.443098829280566e-05,2.654596382707851e-07,1.999999999999998
1000,1.0,100.0,99.99999999999996,99.99999999999949,1043.8152066788207,1043.8152066788198,25.370843756140466,25.47603497963486,6.586414968064463e-05,2.3302976051613383e-07,1.9999999999999998
1000,1.0,100.0,99.99999999999974,99.99999999999977,1043.8152066788195,1043.815206678818,25.173151194896555,25.422343633570076,6.393888423941237e-05,2.269683591897443e-07,1.999999999999999
1000,1.0,100.0,100.00000000000013,99.99999999999963,1043.8152066788189,1043.8152066788189,25.158028756519364,25.18639668000282,7.011595074144709e-05,2.495406795497909e-07,2.0000000000000004
1000,1.0,100.0,99.99999999999972,100.00000000000001,1043.8152066788195,1043.815206678819,25.855178507151358,25.093331206745162,7.706084127398889e-05,2.7354981773834076e-07,1.9999999999999987
1000,1.0,100.0,99.99999999999989,99.99999999999937,1043.8152066788177,1043.81520667882,25.349279622631563,24.904881037026996,6.279176033189417e-05,2.2204029224566152e-07,1.9999999999999996
1000,1.0,100.0,99.99999999999994,99.99999999999952,1043.8152066788177,1043.815206678819,26.104238788485926,25.757913740994415,6.916111025435607e-05,2.460065287643955e-07,1.9999999999999998
1000,100.0,100.0,99.99999999999986,99.99999999999991,104381.52066788188,104381.52066788184,2528.7433592812995,2464.2716481632015,7.558046418647088e-07,2.673404561029398e-09,1.9999999999999993
1000,100.0,100.0,99.99999999999986,100.00000000000045,104381.52066788201,104381.52066788203,2505.6350421445213,2516.6902455327754,6.404617228138702e-07,2.2692494553850637e-09,1.9999999999999993
1000,100.0,100.0,99.99999999999987,100.00000000000009,104381.52066788186,104381.5206678818,2517.517199248897,2632.132958879616,7.02260205392751e-07,2.4929403162150995e-09,1.9999999999999993
1000,100.0,100.0,99.99999999999963,100.00000000000004,104381.52066788198,104381.52066788211,2618.8824998256746,2506.074175876216,6.817379641427967e-07,2.4314323577818303e-09,1.9999999999999984
1000,100.0,100.0,99.99999999999993,99.99999999999976,104381.52066788169,104381.52066788213,2537.0843756140466,2547.603497963486,6.6816491591604e-07,2.363991808839118e-09,1.9999999999999998
1000,100.0,100.0,99.99999999999963,99.99999999999937,104381.52066788191,104381.52066788203,2517.3151194896554,2542.2343633570076,7.292252001672207e-07,2.5885820362774603e-09,1.9999999999999984
1000,100.0,100.0,100.0000000000002,99.99999999999972,104381.52066788194,104381.52066788185,2515.8028756519366,2518.6396680002817,8.12062011550547e-07,2.890105661494043e-09,2.000000000000001
1000,100.0,100.0,99.99999999999994,100.00000000000027,104381.52066788201,104381.52066788211,2585.517850715136,2509.333120674516,7.236625960531095e-07,2.568850378242643e-09,1.9999999999999998
1000,100.0,100.0,99.99999999999973,99.99999999999987,104381.52066788185,104381.52066788188,2534.927962263156,2490.4881037027,7.555531288930533e-07,2.6717396782603762e-09,1.999999999999999
1000,100.0,100.0,100.00000000000021,99.99999999999973,104381.52066788192,104381.52066788195,2610.4238788485927,2575.7913740994413,7.286747999630275e-07,2.5919011056608093e-09,2.000000000000001
1000,0.01,10000.0,10000.000000000617,9999.99999999946,739.8247054197544,739.8247054197539,14.577853358291218,13.584880988898526,0.2587077676259059,2.390233459822949e-05,4.000000000000027
1000,0.01,10000.0,10000.000000000344,10000.000000000296,739.824705419754,739.8247054197547,13.933118586846177,14.112973810130002,0.2568942737871541,2.379447643982388e-05,4.000000000000015
1000,0.01,10000.0,9999.999999998867,10000.000000000427,739.824705419755,739.8247054197548,14.080555404135307,14.3292951563923,0.295213971002606,2.7479309729144888e-05,3.9999999999999507
1000,0.01,10000.0,10000.000000000819,10000.000000000127,739.8247054197552,739.8247054197544,14.88039255960295,13.772674688593138,0.23396893935450347,2.199715662920344e-05,4.0000000000000355
1000,0.01,10000.0,10000.000000000502,9999.9999999993,739.8247054197532,739.824705419756,14.351561705460847,13.9855289054478,0.27349181615628415,2.5310834180766868e-05,4.000000000000022
1000,0.01,10000.0,9999.999999999623,9999.99999999944,739.8247054197541,739.8247054197544,13.861634321991096,14.371929698902678,0.3248934589699973,3.0237647604007413e-05,3.9999999999999836
1000,0.01,10000.0,9999.999999999683,10000.000000000022,739.8247054197542,739.824705419755,14.417801123105308,14.046896288460498,0.2694634300460104,2.528362870620326e-05,3.9999999999999862
1000,0.01,10000.0,9999.999999999192,9999.999999999345,739.8247054197536,739.8247054197544,14.238860939892984,14.339172515921769,0.250232072122597,2.314178595042474e-05,3.999999999999965
1000,0.01,10000.0,9999.999999999325,9999.99999999958,739.8247054197536,739.8247054197556,13.863293827770363,14.033823440949185,0.2536551328646472,2.3512420545476252e-05,3.9999999999999707
1000,0.01,10000.0,10000.000000000568,9999.999999999192,739.8247054197542,739.8247054197548,14.586554345188762,15.097800973855811,0.24376932503223706,2.2862439840433798e-05,4.000000000000025
1000,1.0,10000.0,9999.99999999993,10000.000000000005,73982.47054197539,73982.47054197536,1457.7853358291218,1358.4880988898526,0.0024872511670900265,2.2980024979995947e-07,3.999999999999997
1000,1.0,10000.0,10000.000000000477,10000.000000001648,73982.47054197537,73982.4705419754,1393.3118586846176,1411.2973810130002,0.0034869016645279085,3.2296943906711933e-07,4.00000000000002
1000,1.0,10000.0,9999.999999999447,10000.000000001035,73982.47054197546,73982.47054197539,1408.0555404135307,1432.92951563923,0.0028406928314215255,2.6441932234739983e-07,3.999999999999976
1000,1.0,10000.0,10000.000000000608,10000.00000000048,73982.47054197542,73982.47054197553,1488.039255960295,1377.2674688593138,0.003136077432617115,2.948459170559606e-07,4.000000000000027
1000,1.0,10000.0,9999.9999999994,9999.999999999894,73982.47054197542,73982.47054197539,1435.1561705460847,1398.55289054478,0.0024861581679775533,2.300863624412087e-07,3.999999999999974
1000,1.0,10000.0,9999.999999999607,9999.99999999955,73982.47054197527,73982.47054197539,1386.1634321991096,1437.1929698902677,0.002861897614617424,2.663551670873813e-07,3.999999999999983
1000,1.0,10000.0,10000.000000000033,9999.999999999787,73982.47054197556,73982.47054197542,1441.7801123105307,1404.6896288460498,0.0025509643524911038,2.393558024557626e-07,4.000000000000002
1000,1.0,10000.0,9999.999999999669,9999.999999999605,73982.47054197553,73982.47054197546,1423.8860939892984,1433.9172515921769,0.0022121310783451056,2.0458074568580192e-07,3.999999999999986
1000,1.0,10000.0,10000.000000000644,9999.999999999965,73982.47054197552,73982.47054197548,1386.3293827770362,1403.3823440949184,0.0030266346012906525,2.805522000653116e-07,4.0000000000000275
1000,1.0,10000.0,10000.00000000031,9999.999999999061,73982.47054197543,73982.47054197553,1458.6554345188763,1509.780097385581,0.0018291302567120303,1.7154898570140251e-07,4.000000000000013
1000,100.0,10000.0,10000.000000000215,10000.000000000255,7398247.054197545,7398247.054197542,145778.53358291218,135848.80988898527,1.924866782682296e-05,1.7784085232113727e-09,4.000000000000009
1000,100.0,10000.0,10000.000000000875,9999.999999999047,7398247.05419755,7398247.054197544,139331.18586846176,141129.73810130003,2.7351018621098823e-05,2.533350232337774e-09,4.000000000000038
1000,100.0,10000.0,9999.999999999394,10000.000000001188,7398247.054197538,7398247.054197552,140805.55404135308,143292.951563923,2.8910728689008062e-05,2.6910883161878637e-09,3.999999999999974
1000,100.0,10000.0,10000.000000000317,10000.000000000033,7398247.054197546,7398247.054197549,148803.9255960295,137726.74688593138,2.5391529323445604e-05,2.3872461409783857e-09,4.000000000000013
1000,100.0,10000.0,9999.999999999252,9999.999999999052,7398247.054197542,7398247.05419755,143515.61705460848,139855.289054478,3.0440744444486446e-05,2.817198137048509e-09,3.9999999999999676
1000,100.0,10000.0,10000.000000000016,9999.999999999838,7398247.054197551,7398247.054197543,138616.34321991095,143719.29698902677,2.7951064539598618e-05,2.601389521305508e-09,4.000000000000001
1000,100.0,10000.0,9999.999999999829,10000.000000000055,7398247.05419754,7398247.054197547,144178.01123105307,140468.962884605,3.0437673123035433e-05,2.8559527568999046e-09,3.9999999999999925
1000,100.0,10000.0,9999.999999999694,9999.99999999922,7398247.054197539,7398247.054197535,142388.60939892984,143391.7251592177,2.6902439920243423e-05,2.4879724685068258e-09,3.9999999999999867
1000,100.0,10000.0,9999.999999999962,9999.999999999704,7398247.054197541,7398247.054197544,138632.93827770362,140338.23440949185,2.3236595136367473e-05,2.153903178386608e-09,3.9999999999999982
1000,100.0,10000.0,10000.000000000804,9999.999999999442,7398247.0541975275,7398247.054197539,145865.54345188764,150978.0097385581,2.9227870729431577e-05,2.7411998459085694e-09,4.000000000000035
1000,0.01,1000000.0,999999.9999988658,1000000.0000013123,60545.28922963874,60545.289229638736,1057.2597641961872,963.3202974423292,14.017923964463236,2.3245251364499157e-05,5.999999999999507
1000,0.01,1000000.0,1000000.0000037557,999999.999995291,60545.289229638685,60545.28922963877,997.3810815027163,1042.4837703026155,19.072367593940783,3.158087244484639e-05,6.000000000001631
1000,0.01,1000000.0,1000000.0000001119,1000000.0000000715,60545.28922963879,60545.28922963866,1003.1814069053307,1005.3548125966875,12.544965983123125,2.0897736616524677e-05,6.000000000000049
1000,0.01,1000000.0,1000000.0000007123,1000000.0000033791,60545.28922963878,60545.289229638685,1070.149810159875,958.6952050599514,14.3521924957869,2.4190516447987413e-05,6.000000000000309
1000,0.01,1000000.0,1000000.0000126305,1000000.0000018757,60545.289229638714,60545.28922963879,1041.5543274175752,970.5559780443136,15.78086475556437,2.6153530156796967e-05,6.000000000005485
1000,0.01,1000000.0,999999.9999967262,999999.9999985601,60545.28922963876,60545.289229638845,988.783219098929,1032.6365013639283,11.980832937233044,2.0055746535585672e-05,5.999999999998578
1000,0.01,1000000.0,1000000.0000050967,1000000.000002587,60545.28922963878,60545.28922963877,1047.5084793625647,1038.9833587316432,13.063937359575094,2.2133414156919347e-05,6.000000000002213
1000,0.01,1000000.0,1000000.0000065143,1000000.000000751,60545.28922963875,60545.28922963883,1012.0789693089436,1041.6316274291703,18.23158930109654,2.9975825219563307e-05,6.000000000002829
1000,0.01,1000000.0,999999.9999996829,1000000.000007709,60545.2892296388,60545.28922963877,991.3056954828711,1035.6431402792562,13.36424347920367,2.2292556353792537e-05,5.999999999999862
1000,0.01,1000000.0,1000000.0000045652,1000000.0000108846,60545.28922963874,60545.289229638794,1028.9878952824467,1137.3406713339848,10.559264760474495,1.7872574392667467e-05,6.000000000001982
1000,1.0,1000000.0,999999.9999999286,999999.999996963,6054528.92296388,6054528.922963883,105725.97641961873,96332.02974423292,0.11291265629635766,1.8723764549562474e-07,5.999999999999969
1000,1.0,1000000.0,1000000.0000092303,999999.9999874401,6054528.922963877,6054528.922963878,99738.10815027163,104248.37703026156,0.13452533075846218,2.2275301114861667e-07,6.000000000004008
1000,1.0,1000000.0,1000000.000014627,1000000.0000011232,6054528.922963884,6054528.922963875,100318.14069053307,100535.48125966874,0.17865657551403832,2.976108556152965e-07,6.000000000006352
1000,1.0,1000000.0,1000000.0000019602,999999.9999994693,6054528.922963875,6054528.922963871,107014.98101598749,95869.52050599514,0.12870811630868742,2.1693659735052436e-07,6.000000000000851
1000,1.0,1000000.0,1000000.0000002988,999999.9999966497,6054528.922963878,6054528.922963874,104155.43274175751,97055.59780443137,0.0835057685235862,1.383935968767166e-07,6.00000000000013
1000,1.0,1000000.0,999999.9999998285,1000000.0000000433,6054528.922963874,6054528.922963883,98878.3219098929,103263.65013639283,0.1804629984326999,3.0209253184473007e-07,5.999999999999925
1000,1.0,1000000.0,1000000.0000022921,1000000.0000050842,6054528.922963879,6054528.922963882,104750.84793625647,103898.33587316432,0.13838648393729952,2.3445958736633953e-07,6.000000000000996
1000,1.0,1000000.0,1000000.0000029068,999999.9999995312,6054528.922963863,6054528.92296387,101207.89693089435,104163.16274291703,0.1794582670050154,2.95059830336682e-07,6.000000000001262
1000,1.0,1000000.0,1000000.0000009774,999999.9999932293,6054528.922963875,6054528.922963872,99130.56954828711,103564.3140279256,0.1436442716961567,2.396093745727375e-07,6.0000000000004245
1000,1.0,1000000.0,1000000.0000034905,1000000.0000033434,6054528.922963881,6054528.922963875,102898.78952824467,113734.06713339848,0.14074025161759562,2.3821645485142796e-07,6.000000000001516
1000,100.0,1000000.0,999999.9999970751,1000000.0000022646,605452892.2963879,605452892.2963877,10572597.641961873,9633202.974423291,0.0012574155995112414,2.085112014758584e-09,5.99999999999873
1000,100.0,1000000.0,999999.9999974346,999999.9999865394,605452892.2963881,605452892.2963868,9973810.815027162,10424837.703026157,0.0014387695484804328,2.3823784521921326e-09,5.999999999998886
1000,100.0,1000000.0,1000000.000002516,1000000.0000027972,605452892.2963872,605452892.2963864,10031814.069053307,10053548.125966875,0.0016850204676892144,2.806951726660841e-09,6.0000000000010925
1000,100.0,1000000.0,1000000.0000007852,1000000.0000053331,605452892.2963876,605452892.296387,10701498.101598749,9586952.050599514,0.0015629943483947031,2.634415647928922e-09,6.000000000000341
1000,100.0,1000000.0,1000000.0000089976,1000000.0000016108,605452892.2963887,605452892.2963876,10415543.274175752,9705559.780443138,0.0016077379217912552,2.664494175262595e-09,6.000000000003908
1000,100.0,1000000.0,999999.9999933608,1000000.0000006952,605452892.296388,605452892.2963889,9887832.19098929,10326365.013639282,0.001518219785891753,2.54147865767594e-09,5.999999999997117
1000,100.0,1000000.0,1000000.0000035878,1000000.0000053537,605452892.2963865,605452892.2963874,10475084.793625647,10389833.587316433,0.0012199032825662877,2.0668060356733056e-09,6.000000000001558
1000,100.0,1000000.0,999999.9999961836,1000000.0000046028,605452892.2963878,605452892.2963871,10120789.693089435,10416316.274291703,0.00166655208980646,2.740094313137562e-09,5.999999999998343
1000,100.0,1000000.0,999999.999998361,999999.9999983179,605452892.2963872,605452892.2963881,9913056.954828711,10356431.40279256,0.0013545840511715976,2.259547376826536e-09,5.999999999999289
1000,100.0,1000000.0,1000000.0000034595,1000000.0000001161,605452892.296387,605452892.2963873,10289878.952824468,11373406.713339848,0.0012910942606004945,2.1853016042281114e-09,6.000000000001503
1000,0.01,100000000.0,100000000.06608146,100000000.03626508,5255410.0535373455,5255410.053537343,83695.4685018873,75662.50060027845,1003.3320694523437,2.5335813688420022e-05,8.000000000286988
1000,0.01,100000000.0,99999999.98955588,100000000.01180384,5255410.053537337,5255410.053537352,79550.16005059688,85139.6693181099,943.8238645640434,2.3653739993020875e-05,7.999999999954642
1000,0.01,100000000.0,99999999.9704286,100000000.0309355,5255410.053537339,5255410.053537337,81452.76951123493,77880.35782632313,919.3811297202619,2.3173048129961788e-05,7.999999999871573
1000,0.01,100000000.0,100000000.01741996,100000000.02377543,5255410.053537348,5255410.0535373315,84708.19681900098,76640.27995038603,872.0497673717977,2.2234162352524288e-05,8.000000000075653
1000,0.01,100000000.0,99999999.98860894,100000000.09716563,5255410.053537349,5255410.05353734,82909.71656578202,75444.78690831065,929.9334146525032,2.3374492485901605e-05,7.999999999950529
1000,0.01,100000000.0,99999999.99516931,99999999.96870166,5255410.053537339,5255410.053537343,78064.1889364302,81889.83192570691,886.747311522194,2.266087516794469e-05,7.99999999997902
1000,0.01,100000000.0,99999999.99630956,100000000.04055846,5255410.053537345,5255410.053537342,83687.53361057595,86406.0588014096,701.2980984033537,1.8166136526846643e-05,7.999999999983973
1000,0.01,100000000.0,100000000.04280247,99999999.98512723,5255410.0535373455,5255410.053537342,78866.26071323823,83797.32227450795,736.2945601022285,1.8239471135758417e-05,8.000000000185889
1000,0.01,100000000.0,99999999.99621184,100000000.03032288,5255410.05353735,5255410.053537342,79084.4887167994,83288.94179811556,897.560244123031,2.2825012237416266e-05,7.999999999983548
1000,0.01,100000000.0,100000000.0713272,99999999.96083093,5255410.0535373455,5255410.053537341,79780.29614192578,94779.12884709133,774.3341787758665,2.0008120816065355e-05,8.00000000030977
1000,1.0,100000000.0,99999999.97277543,100000000.0259233,525541005.35373384,525541005.35373545,8369546.85018873,7566250.060027845,8.399406157453846,2.1209906070562803e-07,7.999999999881765
1000,1.0,100000000.0,100000000.01705363,100000000.06799078,525541005.3537338,525541005.3537347,7955016.005059687,8513966.93181099,8.996798064918734,2.2547419089214264e-07,8.000000000074063
1000,1.0,100000000.0,99999999.93983097,99999999.97095267,525541005.353734,525541005.3537348,8145276.951123493,7788035.782632313,10.747614020114765,2.7089415795599405e-07,7.999999999738689
1000,1.0,100000000.0,100000000.04435927,99999999.92711367,525541005.35373366,525541005.35373455,8470819.681900097,7664027.9950386025,9.664391105387859,2.4640754337718994e-07,8.00000000019265
1000,1.0,100000000.0,100000000.03921004,100000000.02265927,525541005.35373455,525541005.3537335,8290971.656578202,7544478.690831065,8.274527979329534,2.0798574286269955e-07,8.000000000170287
1000,1.0,100000000.0,99999999.95841709,99999999.9360454,525541005.35373455,525541005.35373396,7806418.89364302,8188983.19257069,8.581058259715569,2.1928940468106738e-07,7.999999999819408
1000,1.0,100000000.0,100000000.00754133,99999999.98918156,525541005.3537342,525541005.3537342,8368753.361057594,8640605.88014096,11.631269020701115,3.0129159265148e-07,8.00000000003275
1000,1.0,100000000.0,100000000.01313896,99999999.97756375,525541005.3537347,525541005.35373414,7886626.071323822,8379732.2274507955,9.28806312801281,2.3008367642926293e-07,8.000000000057062
1000,1.0,100000000.0,100000000.0103703,99999999.9922215,525541005.3537342,525541005.353734,7908448.87167994,8328894.179811556,7.795758581019924,1.9824662039569598e-07,8.000000000045038
1000,1.0,100000000.0,100000000.01941994,100000000.00094013,525541005.35373354,525541005.3537342,7978029.614192577,9477912.884709133,10.516353358624482,2.7173341216670937e-07,8.00000000008434
1000,100.0,100000000.0,100000000.10848789,99999999.9969933,52554100535.3734,52554100535.37338,836954685.018873,756625006.0027845,0.06348370868336156,1.6030698754422789e-09,8.000000000471157
1000,100.0,100000000.0,99999999.98093653,99999999.96974646,52554100535.37338,52554100535.37346,795501600.5059687,851396693.1810989,0.07781435798872431,1.9501526299334768e-09,7.9999999999172084
1000,100.0,100000000.0,100000000.01504539,100000000.06685711,52554100535.37344,52554100535.373474,814527695.1123493,778803578.2632313,0.11231639828239694,2.8309405306322425e-09,8.000000000065342
1000,100.0,100000000.0,100000000.02517016,100000000.05173649,52554100535.373375,52554100535.37344,847081968.1900097,766402799.5038602,0.11857523646886053,3.0232461003632724e-09,8.000000000109313
1000,100.0,100000000.0,99999999.93652229,99999999.98992419,52554100535.37343,52554100535.373314,829097165.6578202,754447869.0831065,0.08284824976341047,2.0824456473258614e-09,7.99999999972432
1000,100.0,100000000.0,99999999.98508354,99999999.91464843,52554100535.3734,52554100535.37353,780641889.3643019,818898319.257069,0.09242831833101725,2.362010638705813e-09,7.999999999935219
1000,100.0,100000000.0,99999999.98119691,100000000.0262191,52554100535.3734,52554100535.37346,836875336.1057594,864060588.014096,0.10975330036130646,2.843004198791193e-09,7.999999999918339
1000,100.0,100000000.0,100000000.02819794,99999999.99536632,52554100535.37347,52554100535.3734,788662607.1323823,837973222.7450795,0.07422816301598785,1.8387782692468772e-09,8.000000000122462
1000,100.0,100000000.0,99999999.99789052,100000000.04211877,52554100535.37344,52554100535.3734,790844887.167994,832889417.9811556,0.09025139583884641,2.295098549853234e-09,7.999999999990838
1000,100.0,100000000.0,99999999.955434,99999999.956171,52554100535.37341,52554100535.37346,797802961.4192578,947791288.4709133,0.10379616060875511,2.6820023945963086e-09,7.999999999806453
1000,0.01,1000000000000.0,1000000535501.7712,999999971289.1152,43106980123.99654,43106980123.99657,595214971.1317694,553325786.8890136,3765006.7025877987,1.725512295397731e-05,12.000000232565402
1000,0.01,1000000000000.0,1000003362549.706,999996013547.8276,43106980123.9966,43106980123.996605,575301158.4390095,645647299.2869363,4754043.127921747,2.1357321748472485e-05,12.000001460334328
1000,0.01,1000000000000.0,1000003525840.0038,999999889904.2255,43106980123.99654,43106980123.99657,619588720.4202586,560253869.0869323,4715242.027102203,2.1302529645022224e-05,12.000001531250158
1000,0.01,1000000000000.0,1000002315076.9148,1000006275608.7114,43106980123.99663,43106980123.99658,608022666.0557687,561245514.4624872,6770778.990110556,3.087972059203891e-05,12.000001005423966
1000,0.01,1000000000000.0,1000000788552.0123,999999647050.1576,43106980123.996605,43106980123.996506,600820159.7385443,552854103.9725318,5094495.913436861,2.3055899520827875e-05,12.000000342463652
1000,0.01,1000000000000.0,1000001348790.2932,999995246489.0155,43106980123.996605,43106980123.99663,596733561.5554804,588995479.6959442,3334929.0225239852,1.5596594623858142e-05,12.000000585771787
1000,0.01,1000000000000.0,1000001694031.395,1000000134282.4552,43106980123.99652,43106980123.996574,608712191.2926424,671191014.0146172,5032413.985234836,2.3761998984548263e-05,12.000000735707864
1000,0.01,1000000000000.0,999997695040.3501,1000000668223.1069,43106980123.99656,43106980123.99656,564356055.8309771,621253111.3553562,3362422.211334457,1.4872821366716663e-05,11.99999899896759
1000,0.01,1000000000000.0,999997324796.2842,1000004806433.508,43106980123.996635,43106980123.99645,582734624.731999,602074469.0232991,5963402.105735893,2.7500828799150743e-05,11.999998838172234
1000,0.01,1000000000000.0,999997779428.2665,999997063379.0477,43106980123.99659,43106980123.99656,566714231.9444522,748732879.5723739,3684544.0869822665,1.7312574102000544e-05,11.999999035616879
1000,1.0,1000000000000.0,999997110029.8969,999994664411.3938,4310698012399.655,4310698012399.6514,59521497113.17694,55332578688.90137,606357.204841337,2.7789487270010656e-06,11.999998744900118
1000,1.0,1000000000000.0,999998833989.4636,999997535672.7424,4310698012399.6685,4310698012399.662,57530115843.90095,64564729928.69363,566193.0211269681,2.5435936135607347e-06,11.999999493607763
1000,1.0,1000000000000.0,999994924710.5643,999996956360.9692,4310698012399.6646,4310698012399.669,61958872042.02586,56025386908.69323,414203.06450573745,1.8712876714505966e-06,11.99999779582421
1000,1.0,1000000000000.0,1000000069195.1813,999996663198.5831,4310698012399.6567,4310698012399.657,60802266605.576866,56124551446.24872,434582.5946327849,1.9820148291212428e-06,12.000000030051085
1000,1.0,1000000000000.0,999999239350.6312,1000000582247.3663,4310698012399.665,4310698012399.65,60082015973.85443,55285410397.253174,463894.83436653984,2.0994263275271116e-06,11.99999966965405
1000,1.0,1000000000000.0,999999648828.0863,1000000536182.7305,4310698012399.6577,4310698012399.657,59673356155.548035,58899547969.59442,417465.47719026543,1.9523776369623517e-06,11.999999847487949
1000,1.0,1000000000000.0,1000004324298.3182,999995797245.8303,4310698012399.663,4310698012399.656,60871219129.26424,67119101401.46172,314401.6274538233,1.4845403221729263e-06,12.000001878014837
1000,1.0,1000000000000.0,999999613910.3232,1000003087979.9738,4310698012399.653,4310698012399.655,56435605583.0977,62125311135.53562,481188.79043842055,2.1284161794985506e-06,11.999999832323352
1000,1.0,1000000000000.0,1000000880396.8309,1000004175424.5515,4310698012399.653,4310698012399.654,58273462473.199905,60207446902.32991,353927.00261260633,1.6321702432748075e-06,12.000000382351317
1000,1.0,1000000000000.0,999999167745.8629,999997750266.2861,4310698012399.6543,4310698012399.66,56671423194.44522,74873287957.23738,401738.05809195974,1.8876472970492472e-06,11.99999963855647
1000,100.0,1000000000000.0,999998892046.4076,1000002358529.1498,431069801239965.5,431069801239965.6,5952149711317.694,5533257868890.137,525556.6885610004,2.4086401127485827e-06,11.999999518821602
1000,100.0,1000000000000.0,1000002773532.766,999996021296.8268,431069801239965.6,431069801239966.1,5753011584390.095,6456472992869.362,486315.0739343307,2.184746014185504e-06,12.000001204528305
1000,100.0,1000000000000.0,999999406687.907,999994557219.5148,431069801239966.44,431069801239966.1,6195887204202.586,5602538690869.323,474232.16614624567,2.14248836774466e-06,11.999999742327756
1000,100.0,1000000000000.0,999999580213.5168,1000000340291.2473,431069801239965.6,431069801239965.56,6080226660557.687,5612455144624.872,504949.13107112946,2.302939054580833e-06,11.999999817689009
1000,100.0,1000000000000.0,999994312258.1786,1000000425994.7054,431069801239965.94,431069801239965.9,6008201597385.443,5528541039725.317,382343.97623930685,1.7303533586829531e-06,11.999997529838087
1000,100.0,1000000000000.0,999998839194.4047,999998846524.0474,431069801239966.56,431069801239965.56,5967335615554.804,5889954796959.442,477865.6354940396,2.2348523983596844e-06,11.999999495868243
1000,100.0,1000000000000.0,1000002715215.7997,999998479838.7538,431069801239965.6,431069801239966.1,6087121912926.424,6711910140146.172,509800.8127058317,2.4071725581101903e-06,12.000001179201638
1000,100.0,1000000000000.0,1000002062950.4982,1000000726721.1979,431069801239966.0,431069801239965.8,5643560558309.7705,6212531113553.5625,505273.83175376605,2.2349510446861243e-06,12.000000895927094
1000,100.0,1000000000000.0,999999405755.5571,1000000218617.8386,431069801239965.75,431069801239965.06,5827346247319.99,6020744690232.991,495302.53040386306,2.284138206134429e-06,11.99999974192284
1000,100.0,1000000000000.0,1000003073365.6746,1000000080856.0846,431069801239965.56,431069801239965.8,5667142319444.522,7487328795723.738,609487.2689520783,2.863795888730567e-06,12.000001334743702
1500,0.01,100.0,100.0,100.00000000000045,12.776390095912731,12.776390095912697,0.24303564835040367,0.24657548417274938,0.008445018364513463,2.4436549318582254e-05,2.0
1500,0.01,100.0,99.9999999999997,99.99999999999986,12.776390095912703,12.776390095912731,0.24636488970297402,0.24382592079860904,0.008913408072730652,2.5890505825750078e-05,1.9999999999999987
1500,0.01,100.0,100.00000000000017,99.99999999999979,12.776390095912717,12.776390095912744,0.24391842729644417,0.2472877538359488,0.008308510656863336,2.4115423022194875e-05,2.000000000000001
1500,0.01,100.0,99.99999999999996,99.99999999999982,12.776390095912742,12.776390095912744,0.24708779885045304,0.24961433754268725,0.008657601118085358,2.5077575184071298e-05,1.9999999999999998
1500,0.01,100.0,99.99999999999999,99.9999999999996,12.776390095912697,12.776390095912758,0.25053281735776667,0.24270650931219295,0.009449371620084876,2.7347955578603632e-05,2.0
1500,0.01,100.0,99.99999999999979,100.00000000000001,12.776390095912733,12.776390095912745,0.24457951110943604,0.24915212842511658,0.008512859195293147,2.4741703191257656e-05,1.9999999999999991
1500,0.01,100.0,99.9999999999999,99.99999999999991,12.776390095912765,12.776390095912726,0.24109407370975902,0.2413945428789883,0.009886013482959961,2.8610572611174526e-05,1.9999999999999996
1500,0.01,100.0,99.99999999999986,100.00000000000009,12.776390095912717,12.776390095912692,0.24838814904326087,0.2507513308398707,0.007930109189472418,2.3062463521258475e-05,1.9999999999999993
1500,0.01,100.0,99.99999999999973,99.99999999999972,12.776390095912697,12.776390095912705,0.24332968303652752,0.2516899508642928,0.008563448894795383,2.4818001153591717e-05,1.999999999999999
1500,0.01,100.0,99.99999999999979,99.99999999999976,12.776390095912701,12.776390095912683,0.246593366381352,0.24891016931161553,0.008630629054938653,2.4985580781014148e-05,1.9999999999999991
1500,1.0,100.0,99.99999999999976,99.99999999999956,1277.6390095912745,1277.6390095912698,24.303564835040365,24.65754841727494,9.20477954936779e-05,2.663499825766954e-07,1.999999999999999
1500,1.0,100.0,99.99999999999963,99.99999999999937,1277.6390095912757,1277.6390095912745,24.6364889702974,24.382592079860903,9.783135920910578e-05,2.8416777902197386e-07,1.9999999999999984
1500,1.0,100.0,99.99999999999982,99.99999999999983,1277.639009591274,1277.639009591274,24.391842729644416,24.72877538359488,8.35868428000257e-05,2.426105178726835e-07,1.9999999999999991
1500,1.0,100.0,99.99999999999986,99.99999999999983,1277.639009591273,1277.63900959127,24.708779885045303,24.961433754268725,7.494386605830568e-05,2.1708212356147038e-07,1.9999999999999993
1500,1.0,100.0,99.99999999999999,99.99999999999947,1277.6390095912734,1277.6390095912727,25.053281735776665,24.270650931219294,8.704972399328053e-05,2.5193548106816443e-07,2.0
1500,1.0,100.0,99.99999999999942,99.9999999999997,1277.6390095912739,1277.6390095912723,24.457951110943604,24.915212842511657,9.378425823093678e-05,2.7257378842176384e-07,1.9999999999999976
1500,1.0,100.0,100.0000000000001,99.99999999999977,1277.6390095912705,1277.6390095912705,24.1094073709759,24.13945428789883,8.382899890617788e-05,2.4260493517040706e-07,2.0000000000000004
1500,1.0,100.0,100.00000000000013,99.9999999999998,1277.6390095912718,1277.6390095912773,24.838814904326085,25.075133083987073,8.915370796398036e-05,2.592781623276764e-07,2.0000000000000004
1500,1.0,100.0,99.99999999999977,99.99999999999953,1277.6390095912725,1277.6390095912743,24.332968303652752,25.16899508642928,7.402010714284216e-05,2.1452000555249805e-07,1.9999999999999991
1500,1.0,100.0,100.00000000000001,99.9999999999998,1277.6390095912734,1277.6390095912736,24.6593366381352,24.891016931161552,9.369226100862557e-05,2.7123811498390445e-07,2.0
1500,100.0,100.0,99.99999999999977,100.00000000000031,127763.90095912734,127763.90095912754,2430.3564835040365,2465.754841727494,8.843951718041978e-07,2.5590904957320833e-09,1.9999999999999991
1500,100.0,100.0,99.99999999999967,99.99999999999936,127763.90095912712,127763.9009591275,2463.64889702974,2438.25920798609,8.959707065322438e-07,2.6024989103935357e-09,1.9999999999999987
1500,100.0,100.0,99.99999999999974,99.99999999999947,127763.90095912755,127763.90095912742,2439.184272964442,2472.877538359488,8.26084788191704e-07,2.3977081985189387e-09,1.999999999999999
1500,100.0,100.0,99.99999999999972,100.0000000000001,127763.9009591273,127763.90095912728,2470.87798850453,2496.1433754268724,8.179464934985568e-07,2.3692607695229356e-09,1.9999999999999987
1500,100.0,100.0,100.0,99.99999999999962,127763.90095912725,127763.9009591274,2505.3281735776663,2427.0650931219293,8.53446284770392e-07,2.4700066864779884e-09,2.0
1500,100.0,100.0,99.9999999999996,100.0,127763.90095912728,127763.90095912723,2445.7951110943604,2491.5212842511655,9.138600489356028e-07,2.656035248605363e-09,1.9999999999999982
1500,100.0,100.0,99.99999999999993,99.99999999999989,127763.90095912736,127763.90095912699,2410.94073709759,2413.945428789883,8.855774100141342e-07,2.5629012984553576e-09,1.9999999999999998
1500,100.0,100.0,99.99999999999991,99.99999999999949,127763.90095912755,127763.90095912715,2483.8814904326086,2507.513308398707,8.463769335687752e-07,2.461446203234826e-09,1.9999999999999996
1500,100.0,100.0,99.99999999999972,99.99999999999939,127763.90095912712,127763.90095912691,2433.296830365275,2516.899508642928,8.654587517619116e-07,2.5082132868997973e-09,1.9999999999999987
1500,100.0,100.0,100.00000000000047,99.9999999999995,127763.90095912723,127763.90095912704,2465.93366381352,2489.1016931161553,9.129693777577135e-07,2.643036792955959e-09,2.000000000000002
1500,0.01,10000.0,10000.000000000371,10000.000000000118,904.8588386545714,904.8588386545715,13.3246264452054,13.417582673635568,0.3754215326914877,2.833911429702243e-05,4.000000000000016
1500,0.01,10000.0,10000.00000000097,9999.999999999267,904.858838654572,904.8588386545697,13.748770524561724,13.306348694489756,0.3197371296932555,2.4321693159214424e-05,4.000000000000042
1500,0.01,10000.0,9999.999999999336,9999.999999999352,904.8588386545695,904.8588386545701,13.255127059946746,13.509329387953148,0.281353663311343,2.14190203266156e-05,3.999999999999971
1500,0.01,10000.0,10000.000000000473,10000.000000000411,904.8588386545715,904.8588386545713,13.507776107178348,13.818030255796511,0.3164709618943317,2.4016476569215882e-05,4.00000000000002
1500,0.01,10000.0,9999.999999999327,10000.000000000402,904.8588386545692,904.8588386545682,13.710390365758386,13.220687599572566,0.3844045782525765,2.9104956346898057e-05,3.9999999999999707
1500,0.01,10000.0,10000.000000000455,10000.000000000025,904.8588386545724,904.8588386545696,13.441607248865896,13.634278734639567,0.3709453761202119,2.839182891941318e-05,4.0000000000000195
1500,0.01,10000.0,10000.000000000142,9999.9999999996,904.8588386545705,904.8588386545711,13.33881451671431,13.106897034923819,0.30964181201304525,2.3473867793306293e-05,4.000000000000006
1500,0.01,10000.0,9999.99999999977,10000.0000000009,904.8588386545713,904.8588386545711,13.415179807486188,13.926503085763288,0.32778208559985517,2.503050868111303e-05,3.9999999999999902
1500,0.01,10000.0,9999.999999999476,9999.999999999021,904.8588386545694,904.8588386545708,13.190687314024144,13.76913011771279,0.3645853619250432,2.7709275990344556e-05,3.9999999999999774
1500,0.01,10000.0,9999.999999999647,10000.000000000098,904.8588386545676,904.8588386545713,13.787513148762644,13.878437827158914,0.280831074152333,2.131993849827819e-05,3.9999999999999845
1500,1.0,10000.0,10000.000000000193,10000.000000000364,90485.88386545713,90485.88386545678,1332.46264452054,1341.7582673635568,0.003701511052230023,2.794127018469168e-07,4.000000000000008
1500,1.0,10000.0,10000.000000001006,9999.999999999472,90485.88386545694,90485.88386545717,1374.8770524561724,1330.6348694489757,0.003362007233432514,2.557404215426957e-07,4.0000000000000435
1500,1.0,10000.0,9999.999999999705,9999.999999999423,90485.88386545694,90485.883865457,1325.5127059946747,1350.9329387953148,0.003101673034346644,2.3612558296662457e-07,3.999999999999987
1500,1.0,10000.0,10000.000000000653,9999.999999999633,90485.8838654571,90485.88386545717,1350.7776107178347,1381.8030255796511,0.0037114475137571363,2.816558325556125e-07,4.000000000000028
1500,1.0,10000.0,9999.99999999995,10000.000000001044,90485.88386545706,90485.88386545703,1371.0390365758385,1322.0687599572566,0.003058246319878114,2.3155324018963406e-07,3.999999999999998
1500,1.0,10000.0,10000.000000000728,10000.00000000068,90485.88386545688,90485.883865457,1344.1607248865896,1363.4278734639568,0.002847788691152371,2.1796721167818355e-07,4.000000000000032
1500,1.0,10000.0,9999.999999999938,10000.00000000042,90485.88386545698,90485.88386545707,1333.881451671431,1310.6897034923818,0.0034443301704741272,2.611138028568275e-07,3.9999999999999973
1500,1.0,10000.0,9999.999999999929,10000.000000001393,90485.8838654571,90485.8838654569,1341.5179807486188,1392.6503085763288,0.0032200793471053126,2.458957569450153e-07,3.999999999999997
1500,1.0,10000.0,9999.99999999902,10000.000000000726,90485.88386545712,90485.88386545687,1319.0687314024144,1376.913011771279,0.0031945342993955073,2.427915155320218e-07,3.9999999999999574
1500,1.0,10000.0,10000.000000000002,10000.00000000083,90485.88386545703,90485.88386545712,1378.7513148762644,1387.8437827158914,0.003530892266441285,2.6805582748203987e-07,4.0
1500,100.0,10000.0,9999.999999999583,9999.999999999634,9048588.386545682,9048588.38654572,133246.264452054,134175.82673635567,2.9442937856032635e-05,2.2225330954256047e-09,3.999999999999982
1500,100.0,10000.0,10000.000000000326,9999.999999999633,9048588.386545714,9048588.386545694,137487.70524561722,133063.48694489757,3.163311008012774e-05,2.4062604107900405e-09,4.000000000000014
1500,100.0,10000.0,9999.999999998638,10000.00000000097,9048588.386545667,9048588.386545718,132551.27059946748,135093.2938795315,2.7285030859010013e-05,2.0771673050326005e-09,3.999999999999941
1500,100.0,10000.0,9999.99999999948,9999.999999999194,9048588.386545716,9048588.386545703,135077.76107178346,138180.3025579651,3.135237859946671e-05,2.3792820090542395e-09,3.9999999999999774
1500,100.0,10000.0,9999.99999999924,10000.000000000191,9048588.38654569,9048588.386545705,137103.90365758384,132206.87599572566,3.419790602647002e-05,2.589273433163274e-09,3.999999999999967
1500,100.0,10000.0,10000.000000000315,9999.999999999878,9048588.386545714,9048588.386545703,134416.07248865897,136342.78734639566,3.674707608928527e-05,2.812588496257567e-09,4.000000000000013
1500,100.0,10000.0,10000.000000000502,10000.000000000082,9048588.3865457,9048588.386545708,133388.1451671431,131068.97034923818,3.3524295235091304e-05,2.541468379532481e-09,4.000000000000022
1500,100.0,10000.0,9999.999999999383,10000.000000001048,9048588.386545716,9048588.386545723,134151.79807486187,139265.03085763287,2.37467495079732e-05,1.8133792108247044e-09,3.9999999999999734
1500,100.0,10000.0,10000.000000000355,10000.000000000518,9048588.386545718,9048588.386545692,131906.87314024143,137691.3011771279,3.1065127356778526e-05,2.3610168632638477e-09,4.000000000000015
1500,100.0,10000.0,9999.999999999849,9999.999999999913,9048588.386545708,9048588.386545718,137875.13148762644,138784.37827158914,3.0221738552393532e-05,2.294352963584665e-09,3.9999999999999933
1500,0.01,1000000.0,1000000.0000041181,999999.9999993397,73994.69920413995,73994.69920413994,945.1519857450735,953.865465605197,19.90698564475022,2.6793926617396717e-05,6.000000000001789
1500,0.01,1000000.0,999999.9999930647,1000000.0000037324,73994.69920414008,73994.69920413988,976.2694568320821,942.1087778642817,14.152402284469126,1.9287618388913684e-05,5.999999999996988
1500,0.01,1000000.0,999999.9999963138,999999.999992938,73994.69920413989,73994.69920414,946.5016532932883,954.6840584416437,18.80485928675506,2.564350388014991e-05,5.9999999999983995
1500,0.01,1000000.0,1000000.0000003099,1000000.0000040386,73994.69920414008,73994.69920413976,958.5018037726127,995.412471605837,14.860198211944082,2.0192918441170138e-05,6.000000000000135
1500,0.01,1000000.0,999999.9999997999,1000000.0000018665,73994.69920414002,73994.69920413998,973.5485350346216,956.3471562566335,17.26703935307269,2.337094732130818e-05,5.999999999999913
1500,0.01,1000000.0,999999.9999990598,999999.9999966868,73994.69920413995,73994.69920413986,949.4010454816489,950.1215947438614,18.940237277415218,2.611531002550656e-05,5.999999999999591
1500,0.01,1000000.0,1000000.0000027431,1000000.0000046953,73994.69920413975,73994.69920413978,952.2556834326167,924.4764963115963,18.917941435756635,2.572640436830313e-05,6.000000000001191
1500,0.01,1000000.0,1000000.0000010981,999999.9999985014,73994.69920413996,73994.69920413996,936.3246665580715,975.3368799768466,15.17497251173161,2.0732615926628006e-05,6.000000000000477
1500,0.01,1000000.0,999999.999998464,999999.9999985858,73994.69920413979,73994.69920413983,937.367165840759,959.5318273778703,14.332894092927852,1.954953906707916e-05,5.999999999999333
1500,0.01,1000000.0,999999.9999959217,999999.9999972266,73994.69920413995,73994.69920413995,985.2015622831798,981.420629629674,21.657089780008512,2.9512438343288172e-05,5.999999999998229
1500,1.0,1000000.0,999999.9999887206,1000000.0000045197,7399469.920413993,7399469.920414006,94515.19857450735,95386.5465605197,0.15964688466922333,2.148776810744542e-07,5.999999999995102
1500,1.0,1000000.0,1000000.0000033748,1000000.0000022382,7399469.920413972,7399469.920414009,97626.9456832082,94210.87778642817,0.16960503233280572,2.311464212732069e-07,6.0000000000014655
1500,1.0,1000000.0,1000000.0000055035,999999.999990291,7399469.920414006,7399469.920413987,94650.16532932883,95468.40584416437,0.18500710573556636,2.522874732237771e-07,6.00000000000239
1500,1.0,1000000.0,1000000.0000066417,999999.9999986105,7399469.920413977,7399469.920414001,95850.18037726126,99541.2471605837,0.17887142211505463,2.430610942537231e-07,6.000000000002885
1500,1.0,1000000.0,1000000.0000067047,1000000.0000023918,7399469.920413996,7399469.920414011,97354.85350346216,95634.71562566335,0.18659646407669553,2.5255841740490267e-07,6.0000000000029114
1500,1.0,1000000.0,1000000.0000000717,999999.9999995793,7399469.920414007,7399469.920413998,94940.10454816489,95012.15947438614,0.2074490562227521,2.8603635415965517e-07,6.000000000000031
1500,1.0,1000000.0,1000000.0000001172,999999.9999961348,7399469.920413995,7399469.920413993,95225.56834326166,92447.64963115963,0.1955464887029008,2.659225930187047e-07,6.000000000000051
1500,1.0,1000000.0,1000000.0000051836,1000000.0000090708,7399469.920413998,7399469.920413984,93632.46665580715,97533.68799768465,0.16983276147396267,2.3203188095911704e-07,6.0000000000022515
1500,1.0,1000000.0,1000000.0000035323,1000000.0000020656,7399469.920413982,7399469.920414008,93736.7165840759,95953.18273778702,0.17172142827659015,2.3422169653834225e-07,6.000000000001534
1500,1.0,1000000.0,999999.9999944402,999999.9999965696,7399469.920414004,7399469.920413979,98520.15622831798,98142.0629629674,0.16622324201019612,2.2651488408098092e-07,5.999999999997585
1500,100.0,1000000.0,999999.9999960259,1000000.0000032049,739946992.041399,739946992.0414014,9451519.857450735,9538654.65605197,0.00189003990047569,2.543910529753389e-09,5.999999999998274
1500,100.0,1000000.0,999999.9999951123,1000000.000009827,739946992.0414002,739946992.0413978,9762694.56832082,9421087.778642816,0.0015686356459400017,2.1378169671839756e-09,5.999999999997877
1500,100.0,1000000.0,999999.9999921562,999999.999992734,739946992.0414003,739946992.041401,9465016.532932883,9546840.584416438,0.0014457488253301538,1.971515183746153e-09,5.999999999996594
1500,100.0,1000000.0,999999.9999973285,1000000.0000058039,739946992.0413983,739946992.0413991,9585018.037726127,9954124.71605837,0.0017249087472703698,2.343908281391706e-09,5.99999999999884
1500,100.0,1000000.0,1000000.0000056162,1000000.0000027986,739946992.0413979,739946992.0413979,9735485.350346215,9563471.562566334,0.0017336510186542532,2.346497613286015e-09,6.000000000002439
1500,100.0,1000000.0,999999.9999951137,1000000.0000023282,739946992.041399,739946992.0414015,9494010.454816489,9501215.947438613,0.0016889491488874064,2.328768641829961e-09,5.999999999997878
1500,100.0,1000000.0,1000000.0000030375,1000000.0000046112,739946992.0413996,739946992.0413994,9522556.834326167,9244764.963115962,0.0017837051873486097,2.4256508605558086e-09,6.000000000001319
1500,100.0,1000000.0,999999.9999970349,999999.9999963706,739946992.0414001,739946992.0414002,9363246.665580714,9753368.799768465,0.0015497032828329128,2.11726267961075e-09,5.999999999998712
1500,100.0,1000000.0,1000000.0000001843,999999.9999998566,739946992.041399,739946992.0414001,9373671.65840759,9595318.273778703,0.0017047043870513504,2.3251539288883085e-09,6.00000000000008
1500,100.0,1000000.0,999999.9999986294,1000000.0000039076,739946992.0413997,739946992.0414002,9852015.622831797,9814206.29629674,0.0018784376750628033,2.5597749573067867e-09,5.999999999999405
1500,0.01,100000000.0,99999999.9657045,100000000.0215424,6417944.558844519,6417944.558844522,75974.93903770993,75574.1866066715,1350.8127068128447,2.745035806572651e-05,7.999999999851057
1500,0.01,100000000.0,100000000.02236363,99999999.97576562,6417944.558844522,6417944.5588445235,77233.4955968782,76710.51431431925,1192.1824176731889,2.465288746082865e-05,8.000000000097124
1500,0.01,100000000.0,100000000.02417181,99999999.9907295,6417944.558844507,6417944.5588445235,74802.59522988637,74820.26421238939,1223.8524242707583,2.5304417937346593e-05,8.000000000104977
1500,0.01,100000000.0,99999999.99291617,100000000.02836685,6417944.558844533,6417944.558844535,75017.13177219605,79606.62079752155,1478.8640058062206,3.048718486544537e-05,7.999999999969235
1500,0.01,100000000.0,99999999.95377596,99999999.99723165,6417944.558844515,6417944.558844518,78480.08769917145,76552.45893110191,1127.53316258601,2.307579828409723e-05,7.999999999799251
1500,0.01,100000000.0,99999999.89359292,99999999.99291578,6417944.558844523,6417944.558844518,74801.11528747738,73488.2289414451,1049.98220310356,2.208829807724859e-05,7.99999999953788
1500,0.01,100000000.0,99999999.94237742,99999999.98513906,6417944.558844531,6417944.558844519,75235.81106497195,72572.13732311706,1164.135413276192,2.404773979624769e-05,7.999999999749749
1500,0.01,100000000.0,100000000.01153232,100000000.0337639,6417944.558844531,6417944.558844514,74776.36445360398,75593.81622518958,1086.6478708687416,2.245785272974939e-05,8.000000000050084
1500,0.01,100000000.0,100000000.0224718,100000000.02482599,6417944.558844523,6417944.558844517,74127.77726889134,75210.6975208497,1065.0971864599971,2.209178022710634e-05,8.000000000097593
1500,0.01,100000000.0,99999999.98165907,100000000.00369014,6417944.55884451,6417944.558844518,77263.48399707813,76530.24842007073,1297.4038465852423,2.6858306489026025e-05,7.999999999920346
1500,1.0,100000000.0,99999999.91925868,100000000.02591191,641794455.8844529,641794455.8844532,7597493.9037709925,7557418.660667149,9.973787664932356,2.0268097960072293e-07,7.9999999996493445
1500,1.0,100000000.0,99999999.98574255,99999999.9669707,641794455.8844501,641794455.884453,7723349.559687819,7671051.431431926,11.112645216458338,2.2979603446020265e-07,7.999999999938081
1500,1.0,100000000.0,100000000.01447628,99999999.98971285,641794455.8844527,641794455.8844516,7480259.522988637,7482026.421238938,8.984741551536649,1.8576884824528756e-07,8.000000000062869
1500,1.0,100000000.0,100000000.00136322,100000000.00634831,641794455.884452,641794455.8844522,7501713.177219605,7960662.079752155,11.459461796439033,2.3623993067895793e-07,8.00000000000592
1500,1.0,100000000.0,100000000.01788288,100000000.03061418,641794455.8844539,641794455.884452,7848008.769917144,7655245.8931101905,11.322804909702148,2.3172955862971715e-07,8.000000000077664
1500,1.0,100000000.0,99999999.99876277,99999999.9749327,641794455.8844513,641794455.8844517,7480111.528747738,7348822.894144509,11.609570678507723,2.4422857544476935e-07,7.9999999999946265
1500,1.0,100000000.0,99999999.94915639,99999999.99985735,641794455.8844533,641794455.8844526,7523581.106497195,7257213.732311706,12.027379475520386,2.4845158798435326e-07,7.999999999779189
1500,1.0,100000000.0,99999999.97545657,100000000.00447848,641794455.884452,641794455.8844515,7477636.445360398,7559381.622518958,11.071203567070802,2.28809595001873e-07,7.999999999893409
1500,1.0,100000000.0,99999999.9788134,100000000.01760155,641794455.884452,641794455.8844527,7412777.726889133,7521069.7520849705,13.990793308214695,2.901909186205453e-07,7.999999999907987
1500,1.0,100000000.0,100000000.01909773,99999999.9704718,641794455.8844519,641794455.884451,7726348.399707814,7653024.842007073,10.611522425076537,2.1967525557601344e-07,8.00000000008294
1500,100.0,100000000.0,99999999.9861671,100000000.01630329,64179445588.445244,64179445588.44515,759749390.3770993,755741866.0667149,0.12524092770076248,2.5450666052663814e-09,7.9999999999399245
1500,100.0,100000000.0,99999999.97939694,99999999.98140097,64179445588.44535,64179445588.44518,772334955.968782,767105143.1431925,0.15413631110347237,3.1873520992251878e-09,7.999999999910522
1500,100.0,100000000.0,100000000.01866412,100000000.0024157,64179445588.44522,64179445588.44525,748025952.2988636,748202642.1238939,0.09447517509137743,1.9533722104102567e-09,8.000000000081057
1500,100.0,100000000.0,99999999.9761126,99999999.97909322,64179445588.44515,64179445588.445274,750171317.7219605,796066207.9752154,0.15209352912894586,3.1354495888173327e-09,7.999999999896258
1500,100.0,100000000.0,100000000.06086121,100000000.0395189,64179445588.44524,64179445588.44528,784800876.9917145,765524589.3110191,0.09213156147503632,1.8855403980015823e-09,8.000000000264317
1500,100.0,100000000.0,100000000.00017059,100000000.03325652,64179445588.44529,64179445588.44514,748011152.8747739,734882289.4144509,0.090422124979018,1.9021949547421755e-09,8.00000000000074
1500,100.0,100000000.0,99999999.9881376,99999999.97835274,64179445588.44507,64179445588.44513,752358110.6497195,725721373.2311707,0.1519167774205526,3.1381702612622003e-09,7.999999999948482
1500,100.0,100000000.0,100000000.0002022,100000000.02665962,64179445588.44532,64179445588.44528,747763644.5360398,755938162.2518958,0.10336581546305369,2.136270933100273e-09,8.000000000000878
1500,100.0,100000000.0,99999999.96436338,99999999.96715215,64179445588.44522,64179445588.44521,741277772.6889133,752106975.208497,0.09621447715151935,1.9956386243556978e-09,7.999999999845232
1500,100.0,100000000.0,99999999.96652539,100000000.04060592,64179445588.44515,64179445588.44541,772634839.9707813,765302484.2007073,0.10599344412353866,2.194231515034832e-09,7.999999999854621
1500,0.01,1000000000000.0,999998968177.3721,999998895071.4564,52562706938.96818,52562706938.96818,567358222.6226575,548765871.0917656,5020773.179188594,1.822330699443569e-05,11.999999551884896
1500,0.01,1000000000000.0,999995535629.7554,999999855853.893,52562706938.9681,52562706938.96828,573192832.5068084,586905179.0810107,6316870.746771753,2.353491283801464e-05,11.999998061144309
1500,0.01,1000000000000.0,999998044046.0023,999998252842.2157,52562706938.96824,52562706938.968216,538563493.8017144,544758759.680783,6105202.360541822,2.2780081943673847e-05,11.999999150539141
1500,0.01,1000000000000.0,1000003446352.4071,999997459596.5957,52562706938.9682,52562706938.96814,530560060.1682839,588937440.35683,5297635.887661916,1.9734293091488973e-05,12.000001496729254
1500,0.01,1000000000000.0,999995838930.7986,1000001412996.7135,52562706938.9682,52562706938.96825,584049769.1795535,558545965.3755529,8304135.214506609,3.038863234068453e-05,11.999998192866848
1500,0.01,1000000000000.0,999996420970.2781,1000003930527.8059,52562706938.968315,52562706938.96816,537030185.4530399,530842865.577932,7255934.137551055,2.7797648335205873e-05,11.99999844564436
1500,0.01,1000000000000.0,1000001655885.963,1000003151803.2946,52562706938.96822,52562706938.96834,536416340.21730775,539870128.5756023,9887185.725588575,3.681987564050824e-05,12.000000719141541
1500,0.01,1000000000000.0,999997522119.3247,999998182825.495,52562706938.96814,52562706938.968094,546083653.6338032,542861100.9028449,5654884.514041203,2.0941197015649412e-05,11.999998923868763
1500,0.01,1000000000000.0,999997188131.296,999993651806.5698,52562706938.968216,52562706938.96825,536529443.3569304,546767645.3809946,8524735.758795647,3.206034852196908e-05,11.99999877881922
1500,0.01,1000000000000.0,1000000587853.8992,999996070130.7656,52562706938.9682,52562706938.9682,541296748.5538127,535111154.72581345,7653821.7991377935,2.861158049838554e-05,12.000000255301629
1500,1.0,1000000000000.0,999997291774.9525,999999652654.3872,5256270693896.818,5256270693896.821,56735822262.265755,54876587109.17657,401953.4971390864,1.458922728746343e-06,11.999998823831213
1500,1.0,1000000000000.0,999998730099.2278,1000003182576.3397,5256270693896.816,5256270693896.824,57319283250.68084,58690517908.10107,531684.6143575679,1.980910861557421e-06,11.999999448488753
1500,1.0,1000000000000.0,999994395538.279,999995200415.897,5256270693896.825,5256270693896.836,53856349380.17144,54475875968.07831,404948.2627583493,1.5109664501054068e-06,11.99999756600638
1500,1.0,1000000000000.0,1000002385750.7338,1000000682522.468,5256270693896.807,5256270693896.828,53056006016.828384,58893744035.683,444213.5534449334,1.6547462424737924e-06,12.000001036117142
1500,1.0,1000000000000.0,999999803918.1823,999997750908.9866,5256270693896.829,5256270693896.813,58404976917.955345,55854596537.55528,459463.9865531526,1.681388654100782e-06,11.999999914842741
1500,1.0,1000000000000.0,999999056487.943,999995908989.9565,5256270693896.828,5256270693896.836,53703018545.303986,53084286557.7932,549145.6480278013,2.1037908645292914e-06,11.999999590237726
1500,1.0,1000000000000.0,999999431336.3398,999999154302.74,5256270693896.827,5256270693896.821,53641634021.730774,53987012857.560234,389524.68545549136,1.4505895473940417e-06,11.99999975303244
1500,1.0,1000000000000.0,999998824194.8605,1000002347500.3947,5256270693896.818,5256270693896.818,54608365363.380325,54286110090.284485,383039.7721496572,1.4184744197686728e-06,11.999999489354016
1500,1.0,1000000000000.0,999997131167.8864,999999021338.858,5256270693896.829,5256270693896.823,53652944335.69304,54676764538.09945,577183.4071721385,2.1707081737489242e-06,11.999998754080256
1500,1.0,1000000000000.0,1000001105812.699,999995082749.2456,5256270693896.824,5256270693896.823,54129674855.38127,53511115472.581345,297644.900650655,1.1126591785671581e-06,12.000000480248088
1500,100.0,1000000000000.0,999998369396.4276,1000000062161.7413,525627069389682.0,525627069389683.4,5673582226226.575,5487658710917.656,466488.18839965755,1.6931579760308108e-06,11.99999929183729
1500,100.0,1000000000000.0,1000001584539.9276,999997895878.6465,525627069389681.9,525627069389680.8,5731928325068.084,5869051790810.106,417005.3199030099,1.5536464459519099e-06,12.000000688156401
1500,100.0,1000000000000.0,1000000398405.0137,999998390477.2948,525627069389682.2,525627069389682.2,5385634938017.144,5447587596807.831,453953.78065447736,1.6938180268632697e-06,12.000000173025064
1500,100.0,1000000000000.0,1000000484673.0725,999991971374.7563,525627069389680.44,525627069389682.25,5305600601682.839,5889374403568.3,317909.9040187594,1.1842505288413446e-06,12.00000021049079
1500,100.0,1000000000000.0,999999917648.5359,999999632633.2455,525627069389681.0,525627069389682.8,5840497691795.534,5585459653755.528,414597.53664731415,1.517202413887546e-06,11.999999964235212
1500,100.0,1000000000000.0,1000002163884.6415,1000001774390.7618,525627069389681.44,525627069389682.4,5370301854530.398,5308428655779.319,306152.77958015696,1.1728798587404762e-06,12.000000939762142
1500,100.0,1000000000000.0,999999359462.045,999995830558.1814,525627069389681.56,525627069389682.2,5364163402173.077,5398701285756.023,265653.2331127947,9.892921190150773e-07,11.999999721817812
1500,100.0,1000000000000.0,1000001193075.661,999999778311.6407,525627069389682.25,525627069389682.25,5460836536338.032,5428611009028.448,342867.3587579291,1.2697080910948032e-06,12.000000518145868
1500,100.0,1000000000000.0,1000000085329.9651,999998296589.9675,525627069389682.5,525627069389681.7,5365294433569.304,5467676453809.945,374122.2979478517,1.4070225943653563e-06,12.000000037058332
1500,100.0,1000000000000.0,1000003922588.3468,1000002558175.2343,525627069389681.56,525627069389682.3,5412967485538.127,5351111547258.135,349531.84294237185,1.3066226221414467e-06,12.000001703555133
